code,name
SH600405,动力源
SHT00018,上港集箱(退市)
SZ000015,PT中浩A(退市)
SZ000588,PT粤金曼(退市)
SZ000508,琼民源A(退市)
SZ002230,科大讯飞
SZ002253,川大智胜
SZ002279,久其软件
SZ002303,美盈森
SZ002327,富安娜
SZ002362,汉王科技
SZ002382,蓝帆医疗
SZ002418,康盛股份
SZ002437,誉衡药业
SZ002576,通达动力
SZ300013,新宁物流
SZ300047,天源迪科
SZ300058,蓝色光标
SZ002693,双成药业
SZ000996,中国中期
SZ002008,大族激光
SZ002014,永新股份
SZ002026,山东威达
SZ002033,丽江股份
SZ002038,双鹭药业
SZ002057,中钢天源
SH600728,佳都科技
SZ000682,东方电子
SZ000697,炼石航空
SZ000718,苏宁环球
SZ000722,湖南发展
SZ000731,四川美丰
SZ000766,通化金马
SZ000778,新兴铸管
SZ000787,*ST创智(退市)
SZ000792,盐湖股份
SZ000798,中水渔业
SZ000806,ST银河
SZ000812,陕西金叶
SZ000819,岳阳兴长
SZ000825,太钢不锈
SZ000830,鲁西化工
SZ000852,石化机械
SZ000862,银星能源
SZ000876,新希望
SZ000895,双汇发展
SZ000902,新洋丰
SZ002067,景兴纸业
SZ002081,金螳螂
SZ002087,新野纺织
SZ002095,生意宝
SZ002108,沧州明珠
SZ002119,康强电子
SZ002128,露天煤业
SZ002129,中环股份
SZ002135,东南网架
SZ002143,印纪退(退市)
SZ002153,石基信息
SZ002159,三特索道
SZ002191,劲嘉股份
SZ002198,嘉应制药
SZ002204,大连重工
SZ002212,天融信
SZ002232,启明信息
SZ002238,天威视讯
SZ002244,滨江集团
SZ002251,步步高
SH600062,华润双鹤
SH600070,浙江富润
SH600082,海泰发展
SH600098,广州发展
SH600107,美尔雅
SH600114,东睦股份
SH600131,国网信通
SH600139,ST西源
SH600736,苏州高新
SH600743,华远地产
SH600755,厦门国贸
SH600762,S*ST金荔(退市)
SH600768,宁波富邦
SH600775,南京熊猫
SH600798,宁波海运
SH600812,华北制药
SH600821,金开新能
SH600826,兰生股份
SH600834,申通地铁
SH600851,海欣股份
SH600859,王府井
SH600165,新日恒力
SH600171,上海贝岭
SH600182,SST佳通
SH600190,锦州港
SH600199,金种子酒
SH600208,新湖中宝
SH600215,长春经开
SH600237,铜峰电子
SH600251,冠农股份
SH600263,路桥建设(退市)
SH600273,嘉化能源
SH600281,华阳新材
SH600290,ST华仪
SH600298,安琪酵母
SZA12058,先导稀材
SZA12053,明源软件
SZA12289,未来国际
SZA10105,梦娜袜业
SZA12210,铜都阀门
SZ300820,英杰电气
SHA11281,乔丹体育
SZA12180,天珑移动
SHA12232,民生轮船
SZA12083,海四达
SZA12124,东方广视
SZA12099,万安智能
SZA12171,大地水刀
SZA12038,冠华股份
SZA12089,海诺尔(IPO终止)
SZA12103,爱创科技
SZA12119,利泰制药
SZA12118,小西牛
SZA14725,倍立达(IPO终止)
SZA14716,四三九九(IPO终止)
SZ002960,青鸟消防
SHA14661,聚信租赁(IPO终止)
SH601512,中新集团
SHA14412,知音传媒
SZA12093,海澜之家(已借壳)
SZA14387,丽晶光电(IPO终止)
SZA14162,七洲化工
SH600313,农发种业
SH600330,天通股份
SH600338,西藏珠峰
SH600351,亚宝药业
SH600359,新农开发
SH600367,红星发展
SH600378,昊华科技
SH600395,盘江股份
SZ000917,电广传媒
SZ000925,众合科技
SZ000929,兰州黄河
SZ000935,四川双马
SZ000952,广济药业
SZ000959,首钢股份
SZ000966,长源电力
SZ000971,ST高升
SZ000979,中弘退(退市)
SZ000988,华工科技
SZ002266,浙富控股
SZ002273,水晶光电
SZ002300,太阳电缆
SZ002305,南国置业
SZ002314,南山控股
SZ002353,杰瑞股份
SZ002373,千方科技
SZ002390,信邦制药
SZ002392,北京利尔
SZ002396,星网锐捷
SZ002405,四维图新
SZ002433,太安堂
SZ002436,兴森科技
SZ002438,江苏神通
SH600108,亚盛集团
SH600258,首旅酒店
SZ002655,共达电声
SZ300298,三诺生物
SH601107,四川成渝
SH601188,龙江交通
SH601116,三江购物
SH600017,日照港
SH600028,中国石化
SH600039,四川路桥
SH600590,泰豪科技
SH600598,北大荒
SH600605,汇通能源
SH600631,百联股份(退市)
SH600641,万业企业
SH600649,城投控股
SH600657,信达地产
SH600671,ST目药
SH600688,上海石化
SH600703,三安光电
SH600705,中航产融
SZ000042,中洲控股
SZ000050,深天马A
SZ000089,深圳机场
SZ000151,中成股份
SZ000402,金融街
SZ000413,东旭光电
SZ000418,小天鹅A(退市)
SZ000423,东阿阿胶
SZ000498,山东路桥
SZ000513,丽珠集团
SZ000525,ST红太阳
SZ000538,云南白药
SZ000544,中原环保
SZ000558,莱茵体育
SZ000569,长城股份(退市)
SZ000573,粤宏远A
SZ000592,平潭发展
SZ000597,东北制药
SZ000602,金马集团(退市)
SZ000625,长安汽车
SZ000632,三木集团
SZ000656,金科股份
SZ002667,鞍重股份
SZ002612,朗姿股份
SH601677,明泰铝业
SZ300262,巴安水务
SZ300270,中威电子
SZ002598,山东章鼓
SZ002597,金禾实业
SZ002583,海能达
SZ300251,光线传媒
SZ002602,世纪华通
SZ300243,瑞丰高材
SZ002603,以岭药业
SZ300248,新开普
SZ300250,初灵信息
SZ300246,宝莱特
SZ002607,中公教育
SZ002620,瑞和股份
SZ002573,清新环境
SH601566,九牧王
SZ002580,圣阳股份
SZ300215,电科院
SZ300257,开山股份
SZ300222,科大智能
SZ300217,东方电热
SZ300210,森远股份
SZ300208,青岛中程
SZ002578,闽发铝业
SZ300207,欣旺达
SZ002587,奥拓电子
SZ002589,瑞康医药
SZ300201,海伦哲
SZ300366,创意信息
SZ300236,上海新阳
SZ300233,金城医药
SZ002588,史丹利
SZ300232,洲明科技
SZ002592,ST八菱
SZ300228,富瑞特装
SZ300227,光韵达
SZ300231,银信科技
SH601567,三星医疗
SZ300240,飞力达
SZ002585,双星新材
SZ300226,上海钢联
SZ300249,依米康
SH601311,骆驼股份
SZ300381,溢多利
SZ002586,*ST围海
SZ002577,雷柏科技
SZ002560,通达股份
SH601258,庞大集团
SZ300212,易华录
SZ002584,西陇科学
SZ300206,理邦仪器
SH603006,联明股份
SZ300202,*ST聚龙
SZ002574,明牌珠宝
SZ002579,中京电子
SH603328,依顿电子
SZ002736,国信证券
SH601777,力帆科技
SZ300168,万达信息
SZ300158,振东制药
SZ300181,佐力药业
SZ300177,中海达
SZ300178,*ST腾邦
SZ002551,尚荣医疗
SZ300161,华中数控
SZ002548,金新农
SZ300353,东土科技
SZ002546,新联电子
SZ300182,捷成股份
SZ300184,力源信息
SH601799,星宇股份
SZ002541,鸿路钢构
SZ002507,涪陵榨菜
SZ002550,千红制药
SZ300190,维尔利
SZ300220,金运激光
SZ002415,海康威视
SZ002610,爱康科技
SZ300273,和佳医疗
SZ300261,雅本化学
SZ300269,ST联建
SH601908,京运通
SZ002167,东方锆业
SZ002218,拓日新能
SH601186,中国铁建
SZ002320,海峡股份
SZ002345,潮宏基
SH601688,华泰证券
SH601058,赛轮轮胎
SZ300281,金明精机
SZ300285,国瓷材料
SZ300350,华鹏飞
SZ002651,利君股份
SZ300324,旋极信息
SZ300276,三丰智能
SH603001,奥康国际
SZ002484,江海股份
SH600001,邯郸钢铁(退市)
SH600016,民生银行
SH600031,三一重工
SH600084,*ST中葡
SH600089,特变电工
SH600141,兴发集团
SH600162,香江控股
SH600176,中国巨石
SH600195,中牧股份
SH600218,全柴动力
SH600232,金鹰股份
SH600249,两面针
SH600269,赣粤高速
SH600283,钱江水利
SH600297,广汇汽车
SH600326,西藏天路
SH600361,华联综超
SH600376,首开股份
SH600458,时代新材
SH600477,杭萧钢构
SH600495,晋西车轴
SH600511,国药股份
SH600526,菲达环保
SH600565,迪马股份
SH600580,卧龙电驱
SH600593,*ST圣亚
SH600609,金杯汽车
SH600652,*ST游久
SH600730,中国高科
SH600738,丽尚国潮
SH600765,中航重机
SH600773,西藏城投
SH600803,新奥股份
SH600830,香溢融通
SH600846,同济科技
SH600863,内蒙华电
SH600881,亚泰集团
SH600985,淮北矿业
SH601009,南京银行
SH601179,中国西电
SH601666,平煤股份
SZ000020,深华发A
SZ000045,深纺织A
SZ000099,中信海直
SZ000407,胜利股份
SZ000502,*ST绿景
SZ000548,湖南投资
SZ000600,建投能源
SZ000623,吉林敖东
SZ000660,*ST南华(退市)
SZ000689,ST宏业(退市)
SZ000721,西安饮食
SZ000756,新华制药
SZ000783,长江证券
SZ000807,云铝股份
SZ000890,法尔胜
SZ000999,华润三九
SZ002021,ST中捷
SZ002048,宁波华翔
SZ002075,沙钢股份
SZ002099,海翔药业
SZ002124,天邦股份
SZ002140,东华科技
SZ002635,安洁科技
SZ300293,蓝英装备
SH601800,中国交建
SZ002642,荣联科技
SZ002668,ST奥马
SH600054,黄山旅游
SZ002631,德尔未来
SZ002636,金安国纪
SH601555,东吴证券
SH600446,金证股份
SH600873,梅花生物
SH600876,洛阳玻璃
SH600889,南京化纤
SH600969,郴电国际
SH600988,赤峰黄金
SH600995,文山电力
SH601007,金陵饭店
SH601268,*ST二重(退市)
SH601390,中国中铁
SH601607,上海医药
SH601872,招商轮船
SH601939,建设银行
SZ000001,平安银行
SZ000008,神州高铁
SZ000016,深康佳A
SZ001872,招商港口
SZ000028,国药一致
SH600461,洪城环境
SH600475,华光环能
SH600483,福能股份
SH600490,鹏欣资源
SH600500,中化国际
SH600505,西昌电力
SH600517,国网英大
SH600527,江南高纤
SH600535,天士力
SH600543,莫高股份
SH600551,时代出版
SH600560,金自天正
SH600575,淮河能源
SZ002634,棒杰股份
SZ000603,盛达资源
SZ002646,青青稞酒
SZ002645,华宏科技
SZ002639,雪人股份
SZ300279,和晶科技
SZ300286,安科瑞
SZ300288,朗玛信息
SH601928,凤凰传媒
SZ002673,西部证券
SZ300278,*ST华昌
SZ002632,道明光学
SZ002648,卫星化学
SZ002628,成都路桥
SZ002611,东方精工
SH603518,锦泓集团
SZ002616,长青集团
SZ300294,博雅生物
SH601012,隆基股份
SZ300275,梅安森
SZ002623,亚玛顿
SH601225,陕西煤业
SZ002626,金达威
SZ002596,海南瑞泽
SZ300254,仟源医药
SZ002627,三峡旅游
SZ300260,新莱应材
SZ300252,金信诺
SZ300266,兴源环境
SZ002617,露笑科技
SZ002641,永高股份
SH601636,旗滨集团
SZ300274,阳光电源
SH600584,长电科技
SZ300238,冠昊生物
SZ300093,金刚玻璃
SZ300321,同大股份
SZ002457,青龙管业
SZ300124,汇川技术
SZ300094,国联水产
SZ300096,易联众
SZ300090,盛运退(退市)
SH601000,唐山港
SZ002465,海格通信
SZ300173,福能东方
SZ300110,华仁药业
SZ002463,沪电股份
SZ300102,乾照光电
SZ300117,嘉寓股份
SZ300111,向日葵
SZ300109,新开源
SZ002450,康得退(退市)
SZ002451,摩恩电气
SZ300091,金通灵
SZ300107,建新股份
SZ300042,朗科科技
SZ300049,福瑞股份
SZ300059,东方财富
SZ002409,雅克科技
SZ002402,和而泰
SZ002403,爱仕达
SZ002369,卓翼科技
SZ002383,合众思壮
SZ002394,联发股份
SZ300055,万邦达
SZ300057,万顺新材
SZ300056,中创环保
SZ002361,神剑股份
SZ002367,康力电梯
SZ002368,太极股份
SZ002630,华西能源
SZ300277,海联讯
SZ002168,惠程科技
SZ002183,怡亚通
SZ002197,证通电子
SZ002211,宏达新材
SZ002227,奥特迅
SZ002271,东方雨虹
SZ300159,新研股份
SZ300191,潜能恒信
SZ300223,北京君正
SZ002515,金字火腿
SZ002516,旷达科技
SH603167,渤海轮渡
SZ002519,银河电子
SH600161,天坛生物
SH600177,雅戈尔
SH600191,*ST华资
SH600207,安彩高科
SH600222,太龙药业
SH600253,天方药业(退市)
SH600370,三房巷
SH600386,北巴传媒
SH600449,宁夏建材
SH600488,天药股份
SH600619,海立股份
SH600647,同达创业
SH600661,昂立教育
SH600689,上海三毛
SH600717,天津港
SH600832,东方明珠(退市)
SH600890,*ST中房
SH600982,宁波能源
SH601318,中国平安
SZ300169,天晟新材
SZ300162,雷曼光电
SZ300157,恒泰艾普
SH601996,丰林集团
SZ002486,嘉麟杰
SZ002481,双塔食品
SH601098,中南传媒
SZ002477,雏鹰退(退市)
SZ002485,雪松发展
SZ002487,大金重工
SZ300401,花园生物
SZ300131,英唐智控
SH601818,光大银行
SZ300121,阳谷华泰
SZ002569,ST步森
SZ002595,豪迈科技
SZ002472,双环传动
SZ300141,和顺电气
SZ300144,宋城演艺
SZ300325,*ST德威
SZ002643,万润股份
SZ300138,晨光生物
SZ300132,青松股份
SZ002499,*ST科林
SZ002501,*ST利源
SZ002503,搜于特
SZ300305,裕兴股份
SZ300406,九强生物
SZ002776,ST柏龙
SZ002527,新时达
SH601177,杭齿前进
SZ300106,西部牧业
SZ300113,顺网科技
SZ300114,中航电测
SZ300112,万讯自控
SZ300156,神雾退(退市)
SH601028,玉龙股份
SZ002637,赞宇科技
SZ300255,常山药业
SZ300241,瑞丰光电
SZ300258,精锻科技
SZ002572,索菲亚
SH601218,吉鑫科技
SZ002581,未名医药
SZ002594,比亚迪
SZ300239,东宝生物
SZ002605,姚记科技
SZ002783,凯龙股份
SH601233,桐昆股份
SH601208,东材科技
SZ300213,佳讯飞鸿
SZ300402,宝色股份
SZ002543,万和电气
SZ300197,节能铁汉
SZ300216,千山退(退市)
SZ300183,东软载波
SZ300193,佳士科技
SZ002526,山东矿机
SZ002532,天山铝业
SZ300187,永清环保
SZ300186,大华农(退市)
SZ300265,通光线缆
SZ300259,新天科技
SZ002618,*ST丹邦
SZ300267,尔康制药
SZ300303,聚飞光电
SZ300345,华民股份
SZ300196,长海股份
SZ300166,东方国信
SH601700,风范股份
SH601137,博威合金
SZ002706,良信股份
SZ002559,亚威股份
SZ300229,拓尔思
SZ002564,天沃科技
SZ300199,翰宇药业
SZ300200,高盟新材
SZ300375,鹏翎股份
SZ300189,神农科技
SZ300171,东富龙
SZ002545,东方铁塔
SZ300180,华峰超纤
SZ300175,朗源股份
SH601616,广电电气
SZ002769,普路通
SZ300214,日科化学
SZ300204,舒泰神
SZ300136,信维通信
SZ300142,沃森生物
SZ002498,汉缆股份
SZ002500,山西证券
SZ300154,瑞凌股份
SZ002508,老板电器
SZ002738,中矿资源
SZ002554,惠博普
SZ300331,苏大维格
SZ002702,海欣食品
SH601933,永辉超市
SZ300151,昌红科技
SZ300147,香雪制药
SZ300153,科泰电源
SZ002531,天顺风能
SZ002535,ST林重
SZ300164,通源石油
SZ300163,先锋新材
SZ300160,秀强股份
SZ002606,大连电瓷
SZ002524,光正眼科
SZ300148,天舟文化
SZ000425,徐工机械
SZ000522,白云山A(退市)
SZ000535,*ST猴王(退市)
SZ000549,S湘火炬(退市)
SZ000563,陕国投A
SZ000627,天茂集团
SZ000653,ST九州(退市)
SZ000668,荣丰控股
SZ000687,*ST华讯
SZ000705,浙江震元
SZ000786,北新建材
SZ000801,四川九洲
SZ000832,*ST龙涤(退市)
SZ000860,顺鑫农业
SZ002512,达华智能
SZ000889,中嘉博创
SZ000909,数源科技
SZ000965,天保基建
SZ000998,隆平高科
SZ002011,盾安环境
SZ002041,登海种业
SZ002056,横店东磁
SZ002071,长城退(退市)
SZ002086,*ST东洋
SZ002154,报喜鸟
SZ002471,中超控股
SZ002478,常宝股份
SZ300115,长盈精密
SZ300126,锐奇股份
SZ002470,*ST金正
SZ300118,东方日升
SZ300129,泰胜风能
SH601377,兴业证券
SZ002493,荣盛石化
SZ002480,新筑股份
SZ300329,海伦钢琴
SZ002483,润邦股份
SZ300134,大富科技
SZ300130,新国都
SZ002430,杭氧股份
SZ002644,佛慈制药
SZ300075,数字政通
SZ300080,易成新能
SZ300097,智云股份
SZ300100,双林股份
SZ300092,科新机电
SZ300070,碧水源
SZ300073,当升科技
SZ300095,华伍股份
SZ300078,思创医惠
SZ002469,三维化学
SZ300082,奥克股份
SZ002441,众业达
SZ300077,国民技术
SH601518,吉林高速
SZ002432,九安医疗
SZ300174,元力股份
SZ002449,国星光电
SZ300086,康芝药业
SZ300101,振芯科技
SZ002435,长江健康
SZ002440,闰土股份
SZ002442,龙星化工
SZ002428,云南锗业
SZ002424,贵州百灵
SZ002386,天原股份
SZ002439,启明星辰
SZ002443,金洲管道
SZ002416,爱施德
SZ300065,海兰信
SH603002,宏昌电子
SZ300067,安诺其
SZ300105,龙源技术
SZ300076,GQY视讯
SZ300069,金利华电
SZ002434,万里扬
SZ300072,三聚环保
SZ002745,木林森
SZ002748,世龙实业
SH601989,中国重工
SZ002549,凯美特气
SZ002358,ST森源
SZ002455,百川股份
SZ300041,回天新材
SZ300038,*ST数知
SZ002317,众生药业
SZ002318,久立特材
SZ300205,天喻信息
SZ300198,纳川股份
SZ002533,金杯电工
SH601890,亚星锚链
SH601216,君正集团
SZ002553,南方轴承
SZ002762,金发拉比
SH603306,华懋科技
SH603311,金海高科
SZ002772,众兴菌业
SZ300461,田中精机
SZ002740,爱迪尔
SH603718,海利生物
SZ300421,力星股份
SZ300410,正业科技
SH603338,浙江鼎力
SZ002751,易尚展示
SZ300437,清水源
SZ300415,伊之密
SH601021,春秋航空
SZ002760,凤形股份
SH603558,健盛集团
SH603600,永艺股份
SZ300453,三鑫医疗
SH603616,韩建河山
SH603315,福鞍股份
SH603800,道森股份
SZ002767,先锋电子
SZ300395,菲利华
SZ300473,德尔股份
SZ300414,中光防雷
SH603009,北特科技
SZ300488,恒锋工具
SZ300426,唐德影视
SZ300434,金石亚药
SZ002765,蓝黛科技
SZ300422,博世科
SZ300493,润欣科技
SH603601,再升科技
SZ300428,立中集团
SH603678,火炬电子
SH603568,伟明环保
SZ300458,全志科技
SH603019,中科曙光
SZ300408,三环集团
SZ300481,濮阳惠成
SZ300439,美康生物
SH603223,恒通股份
SZ300446,*ST乐材
SZ300450,先导智能
SH603398,邦宝益智
SZ300394,天孚通信
SZ300457,赢合科技
SZ300487,蓝晓科技
SZ300451,创业慧康
SH603669,灵康药业
SH601166,兴业银行
SH603598,引力传媒
SH603808,歌力思
SH600470,六国化工
SH600519,贵州茅台
SH600337,美克家居
SH600559,老白干酒
SH600586,金晶科技
SH603988,中电电机
SH603158,腾龙股份
SZ300435,中泰股份
SH603979,金诚信
SZ300476,胜宏科技
SH603611,诺力股份
SH603883,老百姓
SZ002735,王子新材
SZ002779,中坚科技
SH600958,东方证券
SH603606,东方电缆
SH603696,安记食品
SH603015,弘讯科技
SZ300443,金雷股份
SZ002768,国恩股份
SZ002730,电光科技
SZ300398,飞凯材料
SZ002732,燕塘乳业
SZ300455,康拓红外
SZ300449,汉邦高科
SH603085,天成自控
SZ300485,赛升药业
SZ300404,博济医药
SZ002731,萃华珠宝
SZ300442,普丽盛
SZ002761,浙江建投
SZ300463,迈克生物
SZ300460,惠伦晶体
SH601211,国泰君安
SH601226,华电重工
SZ300470,中密控股
SZ002771,真视通
SH600959,江苏有线
SZ300448,浩云科技
SH600335,国机汽车
SH600336,澳柯玛
SH600343,航天动力
SZ300318,博晖创新
SZ002375,亚厦股份
SZ002370,亚太药业
SZ002412,汉森制药
SH601010,文峰股份
SZ002410,广联达
SZ002399,海普瑞
SZ002408,齐翔腾达
SZ300044,*ST赛为
SZ300029,*ST天龙
SH600999,招商证券
SZ002335,科华数据
SZ002337,赛象科技
SZ002307,北新路桥
SZ002341,新纶新材
SZ002334,英威腾
SZ300030,阳普医疗
SZ300035,中科电气
SZ300247,融捷健康
SZ300036,超图软件
SZ002315,焦点科技
SZ002331,皖通科技
SZ002328,新朋股份
SZ300014,亿纬锂能
SZ300071,*ST嘉信
SZ300015,爱尔眼科
SH601877,正泰电器
SZ300020,银江技术
SZ300019,硅宝科技
SZ300033,同花顺
SZ300021,大禹节水
SH601299,中国北车(退市)
SZ300001,特锐德
SZ300010,豆神教育
SZ300004,南风股份
SZ002321,*ST华英
SZ002474,榕基软件
SZ300006,莱美药业
SZ300003,乐普医疗
SZ300011,鼎汉技术
SZ300009,安科生物
SZ300005,探路者
SH601801,皖新传媒
SZ002310,东方园林
SZ002591,恒大高新
SZ002342,巨力索具
SZ002538,司尔特
SZ300031,宝通科技
SZ002349,精华制药
SZ002338,奥普光电
SZ002339,积成电子
SZ002308,威创股份
SH601678,滨化股份
SZ300032,金龙机电
SZ002340,格林美
SZ002561,徐家汇
SZ000949,新乡化纤
SZ000683,远兴能源
SZ002092,中泰化学
SH601618,中国中冶
SZ002523,天桥起重
SZ002301,齐心集团
SZ002743,富煌钢构
SZ002547,春兴精工
SH600998,九州通
SZ300188,美亚柏科
SZ300195,长荣股份
SZ300384,三联虹普
SZ300441,鲍斯股份
SH603828,柯利达
SZ300411,金盾股份
SH603899,晨光文具
SH603030,全筑股份
SZ300447,全信股份
SZ300051,ST三五
SZ002374,中锐股份
SZ002566,益盛药业
SZ300050,世纪鼎利
SZ002393,力生制药
SZ300039,上海凯宝
SZ002376,新北洋
SZ002421,达实智能
SZ002385,大北农
SZ002377,国创高新
SZ002384,东山精密
SZ300054,鼎龙股份
SZ002388,新亚制程
SZ002364,中恒电气
SZ002406,远东传动
SZ002404,嘉欣丝绸
SZ002378,章源钨业
SZ300074,华平股份
SZ002466,天齐锂业
SZ002492,恒基达鑫
SZ300098,高新兴
SZ300087,荃银高科
SZ300235,方直科技
SZ002613,北玻股份
SH601717,郑煤机
SZ002452,长高集团
SZ300085,银之杰
SZ002460,赣锋锂业
SZ002454,松芝股份
SZ002458,益生股份
SZ300152,科融环境
SZ002395,双象股份
SZ002389,航天彩虹
SH601369,陕鼓动力
SZ002422,科伦药业
SH603686,龙马环卫
SZ002333,罗普斯金
SZ002332,仙琚制药
SZ300025,华星创业
SZ002324,普利特
SZ300026,红日药业
SZ002326,永太科技
SH601117,中国化学
SZ002299,圣农发展
SH601888,中国中免
SZ002489,浙江永强
SZ002756,永兴材料
SZ002365,永安药业
SZ002330,得利斯
SZ002302,西部建设
SZ300432,富临精工
SZ002737,葵花药业
SZ300424,航新科技
SZ300465,高伟达
SZ300469,信息发展
SZ002750,龙津药业
SH601015,陕西黑猫
SZ300084,海默科技
SZ300063,天龙集团
SH600796,钱江生化
SH600797,浙大网新
SH600800,渤海化学
SH600801,华新水泥
SH600804,鹏博士
SH600810,神马股份
SH600811,东方集团
SH600816,ST安信
SH600818,中路股份
SH600819,耀皮玻璃
SH600820,隧道股份
SH600822,上海物贸
SH600489,中金黄金
SH600491,龙元建设
SH600496,精工钢构
SH600501,航天晨光
SH600503,华丽家族
SH600506,*ST香梨
SH600507,方大特钢
SH600509,天富能源
SH600510,黑牡丹
SH600513,联环药业
SH600516,方大炭素
SH600521,华海药业
SH600522,中天科技
SH600523,贵航股份
SH600529,山东药玻
SH600530,交大昂立
SH600532,未来股份
SH600824,益民集团
SH600825,新华传媒
SH600827,百联股份
SH600829,人民同泰
SH600835,上海机电
SH600838,上海九百
SH600839,四川长虹
SH600840,新湖创业(退市)
SH600841,上柴股份
SH600843,上工申贝
SH600845,宝信软件
SH600848,上海临港
SH600850,电科数字
SH600853,龙建股份
SH600854,春兰股份
SH600726,华电能源
SH600727,鲁北化工
SH600731,湖南海利
SH600735,新华锦
SH600739,辽宁成大
SH600740,山西焦化
SH600741,华域汽车
SH600742,一汽富维
SH600744,华银电力
SH600746,江苏索普
SH600750,江中药业
SH600753,东方银星
SH600754,锦江酒店
SH600757,长江传媒
SH600758,辽宁能源
SH600759,洲际油气
SH600761,安徽合力
SH600763,通策医疗
SH600259,广晟有色
SH600260,ST凯乐
SH600261,阳光照明
SH600262,北方股份
SH600266,城建发展
SH600267,海正药业
SH600268,国电南自
SH600271,航天信息
SH600272,开开实业
SH600276,恒瑞医药
SH600277,亿利洁能
SH600278,东方创业
SH600279,重庆港
SH600282,南钢股份
SH600284,浦东建设
SH600285,羚锐制药
SH600287,江苏舜天
SH600291,*ST西水
SH600295,鄂尔多斯
SH600296,S兰铝(退市)
SH600300,ST维维
SH600302,标准股份
SH600303,曙光股份
SH600305,恒顺醋业
SH600307,酒钢宏兴
SH600308,华泰股份
SH600309,万华化学
SH600310,桂东电力
SH600312,平高电气
SH600315,上海家化
SH600316,洪都航空
SH600320,振华重工
SH600322,天房发展
SH600327,大东方
SH600328,中盐化工
SH600329,中新药业
SH600332,白云山
SH600333,长春燃气
SZ000601,韶能股份
SZ000607,华媒控股
SZ000608,阳光股份
SZ000612,焦作万方
SH600345,长江通信
SH600350,山东高速
SH600352,浙江龙盛
SH600353,旭光电子
SH600355,精伦电子
SH600357,承德钒钛(退市)
SH600360,华微电子
SH600362,江西铜业
SH600365,ST通葡
SH600366,宁波韵升
SH600368,五洲交通
SZ300467,迅游科技
SH603698,航天工程
SH603369,今世缘
SZ300475,香农芯创
SZ300438,鹏辉能源
SZ300393,中来股份
SZ002757,南兴股份
SZ300430,诚益通
SZ000760,斯太退(退市)
SZ300425,中建环能
SZ002775,文科园林
SZ300496,中科创达
SH603898,好莱客
SH603012,创力集团
SH603636,南威软件
SZ300482,万孚生物
SH603118,共进股份
SZ300364,中文在线
SZ002741,光华科技
SZ300407,凯发电气
SZ300479,神思电子
SZ300464,星徽股份
SZ300480,光力科技
SZ300486,东杰智能
SZ300444,双杰电气
SH603169,兰石重装
SZ300416,苏试试验
SZ300423,N辉科技
SZ300468,四方精创
SZ002766,*ST索菱
SZ002770,*ST科迪
SH603355,莱克电气
SZ300436,广生堂
SZ300456,赛微电子
SZ300452,山河药辅
SZ300417,南华仪器
SZ002749,国光股份
SZ002755,奥赛康
SZ300466,赛摩智能
SH601985,中国核电
SZ300471,厚普股份
SZ300472,新元科技
SZ300478,杭州高新
SZ300489,中飞股份
SH601718,际华集团
SZ002723,金莱特
SZ002713,东易日盛
SH600533,栖霞建设
SH600159,大龙地产
SH600592,龙溪股份
SH600531,豫光金铅
SH600508,上海能源
SH600809,山西汾酒
SH600714,金瑞矿业
SH600420,国药现代
SH600782,新钢股份
SH601101,昊华能源
SH600498,烽火通信
SH600600,青岛啤酒
SH600805,悦达投资
SZ000675,ST银山(退市)
SH600842,中西药业(退市)
SH600772,S*ST龙昌(退市)
SZ000578,盐湖集团(退市)
SH601126,四方股份
SH601788,光大证券
SH601633,长城汽车
SH600692,亚通股份
SH600693,东百集团
SH600697,欧亚集团
SH600698,湖南天雁
SH600699,均胜电子
SH600706,曲江文旅
SH600708,光明地产
SH600716,凤凰股份
SH600718,东软集团
SH600719,大连热电
SH600720,祁连山
SH600724,宁波富达
SH600369,西南证券
SH600377,宁沪高速
SH600379,宝光股份
SH600382,*ST广珠
SH600383,金地集团
SH600388,龙净环保
SH600389,江山股份
SH600392,盛和资源
SH600396,金山股份
SH600406,国电南瑞
SH600409,三友化工
SH600410,华胜天成
SH600769,祥龙电业
SH600770,综艺股份
SH600415,小商品城
SH600416,湘电股份
SH600422,昆药集团
SH600429,三元股份
SH600435,北方导航
SH600436,片仔癀
SH600438,通威股份
SH600439,瑞贝卡
SH600448,华纺股份
SH600452,涪陵电力
SH600455,博通股份
SH600456,宝钛股份
SH600459,贵研铂业
SH600460,士兰微
SH600463,空港股份
SH600468,百利电气
SH600469,风神股份
SH600472,包头铝业(退市)
SH600476,湘邮科技
SH600478,科力远
SH600479,千金药业
SH600480,凌云股份
SH600481,双良节能
SH600485,*ST信威(退市)
SH600486,扬农化工
SH600487,亨通光电
SH600771,广誉远
SH600776,东方通信
SH600781,ST辅仁
SH600786,东方锅炉(退市)
SH600787,中储股份
SH600789,鲁抗医药
SH600795,国电电力
SH600971,恒源煤电
SH600973,宝胜股份
SH600975,新五丰
SH600976,健民集团
SH600979,广安爱众
SH600981,汇鸿集团
SH600983,惠而浦
SH600990,四创电子
SH600991,广汽长丰(退市)
SH600992,贵绳股份
SH600993,马应龙
SH600997,开滦股份
SH601001,晋控煤业
SH601003,柳钢股份
SH601006,大秦铁路
SH601008,连云港
SH601088,中国神华
SH601099,太平洋
SH601111,中国国航
SH601168,西部矿业
SH601333,广深铁路
SH601398,工商银行
SH601588,北辰实业
SH601601,中国太保
SH601628,中国人寿
SH601699,潞安环能
SH601766,中国中车
SH601808,中海油服
SH601898,中煤能源
SH601899,紫金矿业
SH601958,金钼股份
SH601988,中国银行
SH601991,大唐发电
SH601998,中信银行
SZ002780,三夫户外
SZ300429,强力新材
SZ300440,运达科技
SZ002729,好利科技
SH603918,金桥信息
SZ300418,昆仑万维
SH603589,口子窖
SZ002759,天际股份
SZ002758,浙农股份
SZ002753,永东股份
SH603799,华友钴业
SH600606,绿地控股
SH600611,大众交通
SH600612,老凤祥
SH600613,神奇制药
SH600615,*ST丰华
SH600616,金枫酒业
SH600617,国新能源
SH600618,氯碱化工
SH600620,天宸股份
SH600621,华鑫股份
SH600624,复旦复华
SH600625,PT水仙(退市)
SH600626,申达股份
SH600627,上电股份(退市)
SH600630,龙头股份
SH600635,大众公用
SH600638,新黄浦
SH600205,S山东铝(退市)
SH600206,有研新材
SH600210,紫江企业
SH600211,西藏药业
SH600213,亚星客车
SH600216,浙江医药
SH600219,南山铝业
SH600229,城市传媒
SH600231,凌钢股份
SH600235,民丰特纸
SH600236,桂冠电力
SH600239,*ST云城
SH600240,退市华业(退市)
SH600241,ST时万
SH600243,青海华鼎
SH600248,陕西建工
SH600252,中恒集团
SH600256,广汇能源
SH600642,申能股份
SH600646,ST国嘉(退市)
SH600648,外高桥
SH600651,飞乐音响
SH600653,申华控股
SH600658,电子城
SH600659,*ST花雕(退市)
SH600663,陆家嘴
SH600664,哈药股份
SH600667,太极实业
SH600668,尖峰集团
SH600674,川投能源
SH600676,交运股份
SH600677,*ST航通(退市)
SH600678,四川金顶
SH600682,南京新百
SH600685,中船防务
SH600686,金龙汽车
SH600690,海尔智家
SZ002297,博云新材
SZ002079,苏州固锝
SZ002080,中材科技
SZ002083,孚日股份
SZ002088,鲁阳节能
SZ002089,ST新海
SZ002090,金智科技
SZ002093,国脉科技
SZ002096,南岭民爆
SZ002097,山河智能
SZ002100,天康生物
SZ002103,广博股份
SZ002104,恒宝股份
SZ002106,莱宝高科
SZ002107,沃华医药
SZ002110,三钢闽光
SZ002112,三变科技
SZ002115,三维通信
SZ002116,中国海诚
SZ002117,东港股份
SZ002121,科陆电子
SZ002125,湘潭电化
SZ002126,银轮股份
SZ000576,甘化科工
SZ000581,威孚高科
SZ000582,北部湾港
SZ000583,S*ST托普(退市)
SZ000589,贵州轮胎
SZ000593,大通燃气
SZ000594,国恒退(退市)
SZ000596,古井贡酒
SZ000598,兴蓉环境
SZ000599,青岛双星
SZ000021,深科技
SZ000024,招商地产(退市)
SZ000025,特力A
SZ000027,深圳能源
SH601999,出版传媒
SH600000,浦发银行
SH600002,齐鲁石化(退市)
SH600003,ST东北高(退市)
SH600006,东风汽车
SH600008,首创环保
SH600009,上海机场
SH600010,包钢股份
SH600011,华能国际
SH600018,上港集团
SH600019,宝钢股份
SH600021,上海电力
SH600027,华电国际
SH600029,南方航空
SH600033,福建高速
SH600035,楚天高速
SH600037,歌华有线
SH600038,中直股份
SH600048,保利发展
SH600050,中国联通
SH600051,宁波联合
SH600052,浙江广厦
SH600056,中国医药
SH600058,五矿发展
SH600059,古越龙山
SH600060,海信视像
SH600063,皖维高新
SH600064,南京高科
SH600065,*ST联谊(退市)
SH600066,宇通客车
SH600067,冠城大通
SH600073,上海梅林
SH600075,新疆天业
SH600078,*ST澄星
SH600079,人福医药
SH600080,金花股份
SH600081,东风科技
SH600083,*ST博信
SH600086,退市金钰(退市)
SH600087,退市长油(退市)
SH600092,S*ST精密(退市)
SH600094,大名城
SH600095,湘财股份
SH600096,云天化
SH600100,同方股份
SH600101,明星电力
SH600103,青山纸业
SH600104,上汽集团
SH600105,永鼎股份
SH600109,国金证券
SH600111,北方稀土
SH600113,浙江东日
SH600115,中国东航
SH600117,西宁特钢
SH600118,中国卫星
SH600119,长江投资
SH600123,兰花科创
SH600125,铁龙物流
SH600129,太极集团
SH600130,波导股份
SH600132,重庆啤酒
SH600133,东湖高新
SH600137,浪莎股份
SH600138,中青旅
SH600143,金发科技
SH600145,*ST新亿
SH603901,永创智能
SZ300374,中铁装配
SZ002747,埃斯顿
SZ000616,ST海投
SZ000618,吉林化工(退市)
SZ000619,海螺型材
SZ000620,新华联
SZ000621,*ST比特(退市)
SZ000630,铜陵有色
SZ000631,顺发恒业
SZ000636,风华高科
SZ000637,茂化实华
SZ000638,*ST万方
SZ000651,格力电器
SZ000657,中钨高新
SH600855,航天长峰
SH600856,ST中天
SH600858,银座股份
SH600864,哈投股份
SH600865,百大集团
SH600867,通化东宝
SH600868,梅雁吉祥
SH600869,远东股份
SH600872,中炬高新
SH600874,创业环保
SH600875,东方电气
SH600883,博闻科技
SH600884,杉杉股份
SH600885,宏发股份
SH600886,国投电力
SH600888,新疆众和
SH600895,张江高科
SH600897,厦门空港
SH600538,国发股份
SH600547,山东黄金
SH600548,深高速
SH600550,保变电气
SH600553,太行水泥(退市)
SH600557,康缘药业
SH600558,大西洋
SH600561,江西长运
SH600562,国睿科技
SH600569,安阳钢铁
SH600570,恒生电子
SH600571,信雅达
SH600572,康恩贝
SH600573,惠泉啤酒
SH600577,精达股份
SH600578,京能电力
SH600579,克劳斯
SH600582,天地科技
SH600583,海油工程
SH600148,长春一东
SH600153,建发股份
SH600157,永泰能源
SH600158,中体产业
SH600160,巨化股份
SH600166,福田汽车
SH600167,联美控股
SH600168,武汉控股
SH600169,太原重工
SH600170,上海建工
SH600172,黄河旋风
SH600173,卧龙地产
SH600175,退市美都(退市)
SH600180,瑞茂通
SH600181,*ST云大(退市)
SH600183,生益科技
SH600900,长江电力
SH600961,株冶集团
SH600966,博汇纸业
SH600970,中材国际
SZ000401,冀东水泥
SZ000403,派林生物
SZ000411,英特集团
SZ000412,ST五环(退市)
SZ000416,民生控股
SZ000417,合肥百货
SZ000420,吉林化纤
SZ000908,景峰医药
SZ000911,南宁糖业
SZ000915,华特达因
SZ000918,嘉凯城
SZ000919,金陵药业
SZ000920,沃顿科技
SZ000921,海信家电
SZ000923,河钢资源
SZ000926,福星股份
SZ000928,中钢国际
SZ000931,中关村
SZ000936,华西股份
SZ000937,冀中能源
SZ000951,中国重汽
SZ000955,欣龙控股
SZ000956,中原油气(退市)
SZ000957,中通客车
SZ000958,东方能源
SZ000960,锡业股份
SZ000961,中南建设
SZ000963,华东医药
SZ000969,安泰科技
SZ000970,中科三环
SZ000977,浪潮信息
SZ000426,兴业矿业
SZ000428,华天酒店
SZ000429,粤高速A
SZ000430,张家界
SZ000488,晨鸣纸业
SZ000501,鄂武商A
SZ000507,珠海港
SZ000509,*ST华塑
SZ000514,渝开发
SZ000515,攀渝钛业(退市)
SZ000518,四环生物
SZ000520,长航凤凰
SZ000523,*ST浪奇
SZ000524,岭南控股
SZ000527,美的电器(退市)
SZ000528,柳工
SZ000530,冰山冷热
SZ000531,穗恒运A
SZ000533,顺钠股份
SZ000536,华映科技
SZ000537,广宇发展
SZ002205,国统股份
SZ002208,合肥城建
SZ002209,达意隆
SZ002210,*ST飞马
SZ002213,大为股份
SZ002214,大立科技
SZ002216,三全食品
SZ002217,合力泰
SZ002219,*ST恒康
SZ002223,鱼跃医疗
SZ002226,江南化工
SZ002228,合兴包装
SZ002229,鸿博股份
SZ002231,奥维通信
SZ002234,民和股份
SZ002235,安妮股份
SZ002236,大华股份
SZ002237,恒邦股份
SZ002239,奥特佳
SZ002240,盛新锂能
SZ002242,九阳股份
SZ002243,力合科创
SZ002245,蔚蓝锂芯
SZ002246,北化股份
SZ002249,大洋电机
SZ002252,上海莱士
SZ000869,张裕A
SZ000875,吉电股份
SZ000877,天山股份
SZ000878,云南铜业
SZ000880,潍柴重机
SZ002254,泰和新材
SZ002258,利尔化学
SZ002261,拓维信息
SZ002262,恩华药业
SZ002264,新华都
SZ002269,美邦服饰
SZ002272,川润股份
SH603199,九华旅游
SZ000004,国华网安
SZ000005,ST星源
SZ000009,中国宝安
SZ000012,南玻A
SZ000013,*ST石化A(退市)
SZ000014,沙河股份
SZ000017,深中华A
SZ000018,神城A退(退市)
SZ000019,深粮控股
SZ002514,宝馨科技
SZ002528,英飞拓
SZ000029,深深房A
SZ000031,大悦城
SZ000032,深桑达A
SZ000035,中国天楹
SZ000036,华联控股
SZ000038,深大通
SZ000039,中集集团
SZ000047,ST中侨(退市)
SZ000882,华联股份
SZ000883,湖北能源
SZ000886,海南高速
SZ000887,中鼎股份
SZ000888,峨眉山A
SZ000897,津滨发展
SZ000898,鞍钢股份
SZ000899,赣能股份
SZ000900,现代投资
SZ000658,ST海洋(退市)
SZ000661,长春高新
SZ000663,永安林业
SZ000665,湖北广电
SZ000666,经纬纺机
SZ000671,阳光城
SZ000672,上峰水泥
SZ000673,*ST当代
SZ000678,襄阳轴承
SZ000679,大连友谊
SZ000680,山推股份
SZ000681,视觉中国
SZ000685,中山公用
SH600184,光电股份
SH600185,格力地产
SH600187,国中水务
SH600188,兖州煤业
SH600189,泉阳泉
SH600196,复星医药
SH600197,伊力特
SH600200,江苏吴中
SH600203,福日电子
SH600585,海螺水泥
SH600588,用友网络
SH600591,*ST上航(退市)
SH600594,益佰制药
SH600595,*ST中孚
SH600596,新安股份
SH600597,光明乳业
SH600599,ST熊猫
SH600601,ST方科
SH600604,市北高新
SZ002146,荣盛发展
SZ002149,西部材料
SZ002151,北斗星通
SZ002152,广电运通
SZ000716,黑芝麻
SZ000723,美锦能源
SZ000727,冠捷科技
SZ000728,国元证券
SZ000729,燕京啤酒
SZ000732,泰禾集团
SZ000733,振华科技
SZ000735,罗牛山
SZ000739,普洛药业
SZ000751,锌业股份
SZ000753,漳州发展
SZ000757,浩物股份
SZ000759,中百集团
SZ000762,西藏矿业
SZ000765,*ST华信(退市)
SZ000767,晋控电力
SZ000768,中航西飞
SZ000769,*ST大菲(退市)
SZ000777,中核科技
SZ000779,甘咨询
SZ000782,美达股份
SZ000785,居然之家
SZ000788,北大医药
SZ000791,甘肃电投
SZ002157,正邦科技
SZ002158,汉钟精机
SZ002164,宁波东力
SZ002169,智光电气
SZ002170,芭田股份
SZ002171,楚江新材
SZ002175,*ST东网
SZ002176,江特电机
SZ002178,延华智能
SZ002182,云海金属
SZ002184,海得控制
SZ002186,全聚德
SZ002187,广百股份
SZ002189,中光学
SZ002190,成飞集成
SZ002195,二三四五
SZ002200,ST云投
SZ002201,正威新材
SZ002202,金风科技
SZ002203,海亮股份
SZ000796,凯撒旅业
SZ000797,中国武夷
SZ000800,一汽解放
SZ000805,*ST炎黄(退市)
SZ000810,创维数字
SZ000817,辽河油田(退市)
SZ000821,京山轻机
SZ000822,山东海化
SZ000823,超声电子
SZ000826,启迪环境
SZ000827,*ST长兴(退市)
SZ000828,东莞控股
SZ000835,*ST长动
SZ000838,财信发展
SZ000850,华茂股份
SZ000858,五粮液
SZ000859,国风塑业
SZ000861,海印股份
SZ000866,扬子石化(退市)
SZ000868,安凯客车
SZ000901,航天科技
SZ000903,云内动力
SZ000056,皇庭国际
SZ000058,深赛格
SZ000061,农产品
SZ000062,深圳华强
SZ000063,中兴通讯
SZ000065,北方国际
SZ000070,特发信息
SZ000078,海王生物
SZ000088,盐田港
SZ000090,天健集团
SZ000096,广聚能源
SZ000100,TCL科技
SZ000157,中联重科
SZ000159,国际实业
SZ000338,潍柴动力
SZ000400,许继电气
SZ002004,华邦健康
SZ002005,ST德豪
SZ002006,精功科技
SZ002007,华兰生物
SZ002009,天奇股份
SZ002013,中航机电
SZ002016,世荣兆业
SZ002017,东信和平
SZ002020,京新药业
SZ002022,科华生物
SZ002023,海特高新
SZ002025,航天电器
SZ002028,思源电气
SZ002029,七匹狼
SZ300040,九洲集团
SZ002350,北京科锐
SZ002705,新宝股份
SZ002360,同德化工
SZ002281,光迅科技
SZ002329,皇氏集团
SZ002295,精艺股份
SZ002288,超华科技
SZ000545,金浦钛业
SZ000546,金圆股份
SZ000547,航天发展
SZ000550,江铃汽车
SZ000551,创元科技
SZ000554,泰山石油
SZ000556,PT南洋(退市)
SZ000561,烽火电子
SZ000565,渝三峡A
SZ000566,海南海药
SZ000567,海德股份
SZ000568,泸州老窖
SZ000695,滨海能源
SZ000699,S*ST佳纸(退市)
SZ000700,模塑科技
SZ000701,厦门信达
SZ000702,正虹科技
SZ000703,恒逸石化
SZ000708,中信特钢
SZ000712,锦龙股份
SZ000713,丰乐种业
SZ000715,中兴商业
SZ002131,利欧股份
SZ002132,恒星科技
SZ002133,广宇集团
SZ002136,安纳达
SZ002137,实益达
SZ002139,拓邦股份
SZ002142,宁波银行
SZ002144,宏达高科
SZ002145,中核钛白
SZ000690,宝新能源
SZ000752,*ST西发
SZ000829,天音控股
SH600085,同仁堂
SH600128,弘业股份
SH600711,盛屯矿业
SH600723,首商股份(退市)
SH600748,上实发展
SH600792,云煤能源
SZ000150,宜华健康
SH600127,金健米业
SH600156,华升股份
SH600293,三峡新材
SH600270,外运发展(退市)
SZ000156,华数传媒
SH600325,华发股份
SH600963,岳阳林纸
SZ002031,巨轮智能
SH600356,恒丰纸业
SH600536,中国软件
SH600380,健康元
SH600499,科达制造
SH600563,法拉电子
SH600012,皖通高速
SZ002094,青岛金王
SZ002076,ST雪莱
SH601600,中国铝业
SZ002161,远望谷
SZ002166,莱茵生物
SZ002222,福晶科技
SZ002255,海陆重工
SZ002467,二六三
SZ002286,保龄宝
SZ300017,网宿科技
SZ002354,天神娱乐
SZ300037,新宙邦
SZ002398,垒知集团
SZ002414,高德红外
SZ002380,科远智慧
SZ002495,佳隆股份
SZ002479,富春环保
SZ300146,汤臣倍健
SZ300155,安居宝
SZ002557,洽洽食品
SZ300203,聚光科技
SZ300172,中电环保
SZ300170,汉得信息
SZ300192,科德教育
SZ002568,百润股份
SZ300224,正海磁材
SZ300284,苏交科
SZ002130,沃尔核材
SZ000802,ST北文
SZ000837,秦川机床
SZ000839,中信国安
SZ000938,紫光股份
SZ000948,南天信息
SZ000973,佛塑科技
SZ001896,豫能控股
SZ000552,靖远煤电
SZ002177,御银股份
SZ000836,富通信息
SZ002215,诺普信
SZ002224,三力士
SZ002233,塔牌集团
SZ002274,华昌化工
SZ002278,神开股份
SZ002291,星期六
SZ002221,东华能源
SZ002304,洋河股份
SZ000055,方大集团
SZ300052,中青宝
SZ002351,漫步者
SZ002429,兆驰股份
SZ002363,隆基机械
SZ002444,巨星科技
SZ002462,嘉事堂
SZ002459,晶澳科技
SZ300104,乐视退(退市)
SZ002494,华斯股份
SZ002511,中顺洁柔
SZ300336,新文化
SZ002679,福建金森
SZ000570,苏常柴A
SZ000571,ST大洲
SZ000572,海马汽车
SZ002030,达安基因
SZ002035,华帝股份
SZ002039,黔源电力
SZ002040,南京港
SZ002043,兔宝宝
SZ002045,国光电器
SZ002046,国机精工
SZ002047,宝鹰股份
SZ002051,中工国际
SZ002052,ST同洲
SZ002054,德美化工
SZ002055,得润电子
SZ002058,*ST威尔
SZ002059,云南旅游
SZ002062,宏润建设
SZ002064,华峰化学
SZ002065,东华软件
SZ002066,瑞泰科技
SZ002068,黑猫股份
SZ002072,*ST凯瑞
SZ002074,国轩高科
SZ002077,大港股份
SZ002078,太阳纸业
SZ002544,杰赛科技
SZ002407,多氟多
SZ002391,长青股份
SZ002448,中原内配
SZ002275,桂林三金
SZ002284,亚太股份
SZ002282,博深股份
SZ002283,天润工业
SZ300002,神州泰岳
SZ002277,友阿股份
SZ002461,珠江啤酒
SZ002280,联络互动
SZ002285,世联行
SZ002287,奇正藏药
SZ002293,罗莱生活
SZ002294,信立泰
SZ000975,银泰黄金
SZ002102,ST冠福
SH601328,交通银行
SH600497,驰宏锌锗
SH600015,华夏银行
SH600088,中视传媒
SH600099,林海股份
SH600116,三峡水利
SH600192,长城电工
SH600288,大恒科技
SH600317,营口港(退市)
SH600358,国旅联合
SH600418,江淮汽车
SH600466,蓝光发展
SH600525,长园集团
SH600549,厦门钨业
SH600587,新华医疗
SH600628,新世界
SH600660,福耀玻璃
SH600694,大商股份
SH600695,*ST绿庭
SH600780,通宝能源
SH600808,马钢股份
SH600831,广电网络
SZ000686,东北证券
SZ000692,惠天热电
SZ300150,世纪瑞尔
SZ300016,北陆药业
SZ002325,洪涛股份
SZ300045,华力创通
SZ000776,广发证券
SZ002348,高乐股份
SZ002357,富临运业
SZ002420,毅昌科技
SZ002381,双箭股份
SZ002446,盛路通信
SZ002518,科士达
SZ002540,亚太科技
SZ300179,四方达
SZ002556,辉隆股份
SZ300221,银禧科技
SZ300225,金力泰
SZ300234,开尔新材
SZ300244,迪安诊断
SZ002562,兄弟科技
SZ002563,森马服饰
SZ000539,粤电力A
SZ000541,佛山照明
SZ000542,TCL通讯(退市)
SZ000543,皖能电力
SZ000978,桂林旅游
SZ000981,*ST银亿
SZ000983,山西焦煤
SZ000985,大庆华科
SZ000989,九芝堂
SZ000990,诚志股份
SZ000997,新大陆
SZ001696,宗申动力
SH600887,伊利股份
SH600986,浙文互联
SH600220,江苏阳光
SH600502,安徽建工
SH601727,上海电气
SH600687,退市刚泰(退市)
SH600257,大湖股份
SH601158,重庆水务
SH601139,深圳燃气
SH601199,江南水务
SH601880,辽港股份
SH600020,中原高速
SH601901,方正证券
SH601789,宁波建工
SH600340,华夏幸福
SH600537,亿晶光电
SH600785,新华百货
SH600363,联创光电
SH600665,天地源
SH600426,华鲁恒升
SH600419,天润乳业
SH600766,*ST园城
SH601002,晋亿实业
SH600372,中航电子
SH600784,鲁银投资
SH600354,敦煌种业
SH600607,上实医药(退市)
SH600036,招商银行
SZ002475,立讯精密
SZ002098,浔兴股份
SZ002162,悦心健康
SZ002060,粤水电
SZ002114,罗平锌电
SZ002003,伟星股份
SZ002001,新和成
SZ002002,鸿达兴业
SH600467,好当家
SH600493,凤竹纺织
SH600518,*ST康美
SH600567,山鹰国际
SH600589,ST榕泰
SH600650,锦江在线
SH600666,ST瑞德
SH600712,南宁百货
SH600734,*ST实达
SH600756,浪潮软件
SH600774,汉商集团
SH600794,保税科技
SH600814,杭州解百
SH600836,上海易连
SH600857,宁波中百
SH600879,航天电子
SH600894,广日股份
SH600987,航民股份
SH601113,ST华鼎
SH601169,北京银行
SH601288,农业银行
SH601857,中国石油
SZ000002,万科A
SZ000006,深振业A
SZ000026,飞亚达
SZ000049,德赛电池
SZ000153,丰原药业
SZ000419,通程控股
SZ000534,万泽股份
SZ000559,万向钱潮
SZ000586,汇源通信
SZ000610,西安旅游
SZ000635,英力特
SZ000698,沈阳化工
SZ000725,京东方A
SZ000758,中色股份
SZ000763,锦州石化(退市)
SZ000789,万年青
SZ000848,承德露露
SZ000851,高鸿股份
SZ000905,厦门港务
SZ000930,中粮科技
SZ000993,闽东电力
SZ002037,保利联合
SZ002696,百洋股份
SZ002665,首航高科
SZ002699,美盛文化
SZ002685,华东重机
SH603000,人民网
SZ300320,海达股份
SZ300313,ST天山
SZ300314,戴维医疗
SZ002660,茂硕电源
SZ002669,康达新材
SZ002658,雪迪龙
SZ002671,龙泉股份
SH603128,华贸物流
SZ002727,一心堂
SZ300371,汇中股份
SZ002714,牧原股份
SZ002703,浙江世宝
SZ002722,金轮股份
SZ300356,ST光一
SZ300369,绿盟科技
SZ300370,ST安控
SH603699,纽威股份
SH601016,节能风电
SZ300382,斯莱克
SH603555,ST贵人
SZ002708,光洋股份
SZ002695,煌上煌
SZ002746,仙坛股份
SZ002725,跃岭股份
SZ002709,天赐材料
SH601238,广汽集团
SZ002697,红旗连锁
SH603806,福斯特
SZ002719,*ST麦趣
SH603088,宁波精达
SZ002700,ST浩源
SZ300388,节能国祯
SZ300347,泰格医药
SZ002683,宏大爆破
SZ300354,东华测试
SZ002701,奥瑞金
SZ300397,天和防务
SZ300348,长亮科技
SZ002711,欧浦退(退市)
SZ002687,乔治白
SZ002694,顾地科技
SZ300337,银邦股份
SZ300328,宜安科技
SZ300332,天壕环境
SZ002686,亿利达
SZ300352,北信源
SZ300341,麦克奥迪
SZ300346,南大光电
SZ002681,奋达科技
SH603288,海天味业
SZ000711,京蓝科技
SZ002113,ST天润
SZ002689,远大智能
SZ300367,ST网力
SZ002690,美亚光电
SZ002678,珠江钢琴
SZ002691,冀凯股份
SZ300322,硕贝德
SZ300339,润和软件
SZ300333,兆日科技
SZ300342,天银机电
SH603168,莎普爱思
SH603077,和邦生物
SH603008,喜临门
SZ300334,津膜科技
SZ300295,三六五网
SZ002752,N兴股份
SH603766,隆鑫通用
SZ300335,迪森股份
SZ002698,博实股份
SZ300323,华灿光电
SZ002063,远光软件
SZ002085,万丰奥威
SZ002111,威海广泰
SZ002118,紫鑫药业
SZ002138,顺络电子
SZ002575,*ST群兴
SZ000750,国海证券
SZ002615,哈尔斯
SZ002640,*ST跨境
SZ000506,中润资源
SZ000003,PT金田A(退市)
SH600286,S*ST国瓷(退市)
SZ002012,凯恩股份
SZ002032,苏泊尔
SZ000011,深物业A
SZ000060,中金岭南
SZ000069,华侨城A
SZ000529,广弘控股
SZ000553,安道麦A
SZ000562,宏源证券(退市)
SZ002073,软控股份
SZ002101,广东鸿图
SZ000605,渤海股份
SZ000650,仁和药业
SZ000726,鲁泰A
SZ000761,本钢板材
SZ000023,深天地A
SZ000046,泛海控股
SZ000516,国际医学
SZ000555,神州信息
SH600640,新国脉
SH600684,珠江股份
SH600833,第一医药
SH600880,博瑞传播
SZ000405,ST鑫光(退市)
SZ000628,高新发展
SZ300378,鼎捷软件
SZ002773,康弘药业
SZ300379,东方通
SZ300399,天利科技
SH603100,川仪股份
SZ300365,恒华科技
SZ300380,安硕信息
SH603005,晶方科技
SZ300357,我武生物
SZ300360,炬华科技
SH600917,重庆燃气
SZ300351,永贵电器
SZ002721,金一文化
SH603688,石英股份
SH601969,海南矿业
SZ300403,汉宇集团
SZ300368,汇金股份
SZ300396,迪瑞医疗
SZ002707,众信旅游
SH603308,应流股份
SZ300363,博腾股份
SZ300373,扬杰科技
SZ002726,龙大肉食
SZ002724,海洋王
SZ300419,浩丰科技
SZ300376,易事特
SZ300377,赢时胜
SZ300391,康跃科技
SH603023,威帝股份
SH603609,禾丰股份
SZ002715,登云股份
SZ300389,艾比森
SZ002718,友邦吊顶
SZ002160,常铝股份
SZ002181,粤传媒
SZ002206,海利得
SZ002225,濮耐股份
SZ002268,卫士通
SZ002296,辉煌科技
SZ002311,海大集团
SZ002319,乐通股份
SZ002344,海宁皮城
SZ002366,台海核电
SZ002372,伟星新材
SZ002413,雷科防务
SZ002476,宝莫股份
SZ002488,金固股份
SZ002510,天汽模
SZ002536,飞龙股份
SZ002593,日上集团
SZ002652,扬子新材
SZ300012,华测检测
SZ300024,机器人
SZ300034,钢研高纳
SZ300053,欧比特
SZ300062,中能电气
SZ300068,南都电源
SZ300127,银河磁体
SZ300135,宝利国际
SZ300185,通裕重工
SZ300194,福安药业
SZ300209,天泽信息
SZ300264,佳创视讯
SZ300271,华宇软件
SZ300340,科恒股份
SZ002734,利民股份
SH600022,山东钢铁
SH600077,宋都股份
SH600097,开创国际
SH600122,ST宏图
SH600126,杭钢股份
SH600151,航天机电
SH600178,东安动力
SH600250,南纺股份
SH600280,中央商场
SH600323,瀚蓝环境
SH600348,华阳股份
SH600371,万向德农
SH600433,冠豪高新
SZ300292,吴通控股
SZ300296,利亚德
SH601339,百隆东方
SZ300309,吉艾科技
SZ002653,海思科
SZ002654,万润科技
SZ300304,云意电气
SZ002672,东江环保
SH601515,东风股份
SH601388,怡球资源
SZ300291,华录百纳
SZ300477,合纵科技
SH603993,洛阳钼业
SZ002684,*ST猛狮
SZ300383,光环新网
SZ002688,金河生物
SZ300310,宜通世纪
SZ300358,楚天科技
SZ300307,慈星股份
SH603126,中材节能
SH600373,中文传媒
SZ300289,利德曼
SZ300483,首华燃气
SZ002662,京威股份
SH601336,新华保险
SZ002491,通鼎互联
SZ002497,雅化集团
SZ002522,浙江众成
SZ002534,杭锅股份
SZ002599,盛通股份
SZ300287,飞利信
SZ002649,博彦科技
SZ300290,荣科科技
SZ300027,华谊兄弟
SH603003,龙宇燃油
SH601118,海南橡胶
SH603111,康尼机电
SH603099,长白山
SZ002091,江苏国泰
SZ002250,联化科技
SZ002196,方正电机
SZ002265,西仪股份
SZ002426,胜利精密
SZ002521,齐峰新材
SZ002567,唐人神
SZ002542,中化岩土
SZ002582,好想你
SZ002590,万安科技
SZ300103,达刚控股
SH601011,宝泰隆
SZ300218,安利股份
SH601669,中国电建
SZ300283,温州宏丰
SZ300023,*ST宝德
SZ300386,飞天诚信
SZ300390,天华超净
SZ300387,富邦股份
SZ000590,启迪药业
SZ000615,奥园美谷
SZ000626,远大控股
SZ000676,智度股份
SZ000709,河钢股份
SZ002147,*ST新光
SZ000790,华神科技
SZ000795,英洛华
SZ002192,融捷股份
SZ000799,酒鬼酒
SZ000813,德展健康
SZ000863,三湘印象
SZ002270,华明装备
SZ000007,*ST全新
SZ000010,美丽生态
SZ000040,东旭蓝天
SZ000059,华锦股份
SZ000415,渤海租赁
SZ000421,南京公用
SZ000927,中国铁物
SZ000510,新金路
SZ000987,越秀金控
SZ002010,传化智联
SZ000557,西部创业
SZ002355,兴民智通
SZ002343,慈文传媒
SZ002502,鼎龙文化
SZ300145,中金环境
SZ000030,富奥股份
SZ002256,兆新股份
SZ002517,恺英网络
SH600862,中航高科
SH603729,ST龙韵
SH603989,艾华集团
SH603566,普莱柯
SZ002782,可立克
SZ300355,蒙草生态
SH601579,会稽山
SZ002728,特一药业
SZ000820,*ST节能
SZ002127,南极电商
SZ002482,广田集团
SH601886,江河集团
SZ002397,梦洁股份
SZ002509,天茂退(退市)
SZ002539,云图控股
SZ002565,顺灏股份
SZ002356,*ST赫美
SZ300008,天海防务
SZ002322,理工环科
SZ002805,丰元股份
SH603166,福达股份
SZ300507,苏奥传感
SH600861,北京城乡
SH600962,国投中鲁
SH603822,嘉澳环保
SZ300503,昊志机电
SZ300508,维宏股份
SZ300502,新易盛
SH603016,新宏泰
SH601206,海尔施
SZ300515,三德科技
SH603968,醋化股份
SH603300,华铁应急
SH603519,立霸股份
SZ002785,万里石
SH603778,乾景园林
SH603737,三棵树
SZ002624,完美世界
SZ002468,申通快递
SZ300116,保力新
SZ002027,分众传媒
SZ002044,美年健康
SH600715,文投控股
SZ000662,天夏退(退市)
SZ000677,恒天海龙
SZ002792,通宇通讯
SZ300492,华图山鼎
SH603996,*ST中新
SZ300046,台基股份
SZ300064,*ST金刚
SZ300088,长信科技
SZ300089,ST文化
SZ300119,瑞普生物
SZ300122,智飞生物
SZ300125,聆达股份
SZ300133,华策影视
SZ300137,先河环保
SZ300139,晓程科技
SZ300165,天瑞仪器
SZ300211,亿通科技
SZ300245,天玑科技
SZ300256,*ST星星
SHA15349,同策咨询(IPO终止)
SHA15337,新农科技(IPO终止)
SZ300929,华骐环保
SZA15245,波克城市(IPO终止)
SH603187,海容冷链
SHA15222,富力地产(IPO终止)
SH603697,有友食品
SH603093,南华期货
SZ002961,瑞达期货
SZA15022,蜗牛数字(IPO终止)
SZA15130,东莞证券
SHA15214,大连万达(IPO终止)
SZ002506,协鑫集成
SZ300462,华铭智能
SZ300392,腾信股份
SZ300433,蓝思科技
SZ300412,迦南科技
SH600023,浙能电力
SZ000333,美的集团
SZ002155,湖南黄金
SZ002163,海南发展
SZ002165,红宝丽
SZ002712,思美传媒
SZ002174,游族网络
SZ002267,陕天然气
SH601668,中国建筑
SZ300385,雪浪环境
SH603366,日出东方
SZ300316,晶盛机电
SZ300319,麦捷科技
SZ002682,龙洲股份
SH603123,翠微股份
SZ300327,中颖电子
SZ300311,任子行
SH603333,尚纬股份
SZ002675,东诚药业
SH601965,中国汽研
SZ002661,克明食品
SZ002674,兴业科技
SZ300315,掌趣科技
SZ300317,珈伟新能
SH601038,一拖股份
SZ300312,*ST邦讯
SZ002666,德联集团
SH601929,吉视传媒
SZ300219,鸿利智汇
SZ300230,永利股份
SZ002445,中南文化
SZ300253,卫宁健康
SH600629,华建集团
SH600672,*ST华圣(退市)
SZ000730,*ST环保(退市)
SZ000406,石油大明(退市)
SH600788,*ST达曼(退市)
SZ002179,中航光电
SZ002241,歌尔股份
SZ000910,大亚圣象
SZ002347,泰尔股份
SH601368,绿城水务
SH600656,退市博元(退市)
SZ002656,ST摩登
SZ300400,劲拓股份
SZ002425,凯撒文化
SZ002622,融钰集团
SZ002431,棕榈股份
SZ002778,中晟高科
SH600069,退市银鸽(退市)
SH600311,ST荣华
SH600346,恒力石化
SH600428,中远海特
SH600623,华谊集团
SH600707,彩虹股份
SZ000667,美好置业
SZ000815,美利云
SZ000967,盈峰环境
SZ002015,协鑫能科
SH603393,新天然气
SZ300048,合康新能
SZ300066,三川智慧
SZ002677,浙江美大
SZ002676,顺威股份
SZ300330,华虹计通
SZ300302,同有科技
SZ002650,加加食品
SH601231,环旭电子
SH600691,阳煤化工
SH601100,恒立液压
SZ002797,第一创业
SZ002411,延安必康
SZ300043,星辉娱乐
SH603599,广信股份
SZ002663,普邦股份
SZ002670,国盛金控
SZ002799,环球印务
SZ300300,海峡创新
SH600700,*ST数码(退市)
SH601155,新城控股
SZ002633,申科股份
SZ300301,长方集团
SZ300361,奥赛康
SZ002019,亿帆医药
SH603218,日月股份
SH601020,ST华钰
SZ300498,温氏股份
SZ002036,联创电子
SZ002050,三花智控
SZ002053,云南能投
SZ002292,奥飞娱乐
SZ002555,三七互娱
SH600704,物产中大
SH600709,ST生态(退市)
SH600713,南京医药
SH600722,金牛化工
SH600752,*ST哈慈(退市)
SH600292,远达环保
SH600299,安迪苏
SH600318,新力金融
SH600381,青海春天
SH600393,ST粤泰
SZ002657,中科金财
SZ300326,凯利泰
SZ300297,蓝盾股份
SZA11221,东骏激光(IPO终止)
SZA11291,瑞达股份(IPO终止)
SZA11299,桑夏股份(IPO终止)
SZA11310,斯迈柯(IPO终止)
SZA11308,拓普智能(IPO终止)
SZA12264,金陵网络(IPO终止)
SHA14034,康新设计(IPO终止)
SHA12263,相宜本草(IPO终止)
SHA14686,积大制药(IPO终止)
SZA14687,戈冉泊(IPO终止)
SHA14674,华澳股份(IPO终止)
SZA14676,亚中股份(IPO终止)
SH688377,迪威尔
SZA07107,延申生物(IPO终止)
SZA08010,云南电气(IPO终止)
SZA08036,金达莱(IPO终止)
SZA08037,银邮光电(IPO终止)
SZA10146,信得科技(IPO终止)
SZA08048,遵义钛业(IPO终止)
SZA08057,方恒置业(IPO终止)
SZA08072,福建美克(IPO终止)
SZA08084,金凰珠宝(IPO终止)
SZA10381,新中环保(IPO终止)
SZA10395,荣联科技(IPO终止)
SZA11231,红旗民爆(IPO终止)
SZA12116,佳利电子(IPO终止)
SZA11278,瑞尔机械(IPO终止)
SZA11293,南城百货(IPO终止)
SZA11317,同力重工(IPO终止)
SHA11269,千禧之星(IPO终止)
SH600918,中泰证券
SZA10089,东佳股份(IPO终止)
SZA10081,巴莫科技(IPO终止)
SZA10138,先临三维(IPO终止)
SZA10154,脉山龙(IPO终止)
SZA10107,正方软件(IPO终止)
SZA11092,舒朗股份(IPO终止)
SZA11109,盛瑞传动(IPO终止)
SHA11102,中交通力(IPO终止)
SZA11103,威丝曼(IPO终止)
SZA11093,利步瑞(IPO终止)
SZA11094,华海电脑(IPO终止)
SZA12035,天能科技(IPO终止)
SHA12285,浚鑫科技(IPO终止)
SZ300963,中洲特材
SZA09141,科净源
SZA09140,银泰科技(IPO终止)
SZA11320,星光科技(IPO终止)
SZA11018,恒源股份(IPO终止)
SZA11057,诚达药业(IPO终止)
SZA11042,金冠汽车(IPO终止)
SZA11039,西林科(IPO终止)
SZA11095,金洋电子(IPO终止)
SZA11096,东泽电缆(IPO终止)
SZA11098,华力特(IPO终止)
SZA12019,和鹰科技(IPO终止)
SZA12021,精图信息(IPO终止)
SHA14325,申利股份(IPO终止)
SZA04012,威海港(IPO终止)
SZA07004,信威通信(IPO终止)
SZA07116,通达集团(IPO终止)
SZA10312,美凯电子(IPO终止)
SZA10401,冠宏股份(IPO终止)
SHA08034,蓝焰煤业(IPO终止)
SH688789,宏华数科
SHA12279,中国铁物(IPO终止)
SZA12288,昊海生科(IPO终止)
SZA14076,永祥粮机(IPO终止)
SZA14077,天鸟股份(IPO终止)
SH688393,安必平
SZA15314,云视科技(IPO终止)
SZA15323,鲁南新材(IPO终止)
SHA15325,广印堂(IPO终止)
SZA15326,华苑园林(IPO终止)
SZA15306,青岛华瑞(IPO终止)
SZA16230,兰州银行
SZA10029,北京易讯(IPO终止)
SZA10026,泰山工程(IPO终止)
SZA09018,龙蟒钛业(IPO终止)
SZA09183,卓宝科技(IPO终止)
SZA10012,阮仕珍珠
SZA12272,神舟电脑(IPO终止)
SHA11235,京客隆(IPO终止)
SZA11234,武桥股份(IPO终止)
SZA11255,淑女屋(IPO终止)
SZA11256,蔚林股份(IPO终止)
SZA11242,诺奇股份(IPO终止)
SZA12271,光维通信(IPO终止)
SHA12282,泰丰智能(IPO终止)
SZA14724,黑旋风(IPO终止)
SZA15009,川网股份(IPO终止)
SZA15008,福家欢(IPO终止)
SZA15015,超力高科(IPO终止)
SZA15216,雄林新材(IPO终止)
SH688589,力合微
SZA15234,润玛股份(IPO终止)
SHA15221,粤新海工(IPO终止)
SHA15229,嘉宝莉(IPO终止)
SZ300362,天翔退(退市)
SZ300343,联创股份
SZ002710,慈铭体检
SZ300667,必创科技
SZA11286,公元股份(IPO终止)
SZA14044,中博生物(IPO终止)
SH601069,西部黄金
SH601882,海天精工
SZ002806,华锋股份
SH600936,广西广电
SZ300517,海波重科
SZ002793,罗欣药业
SZ300494,盛天网络
SZ300490,华自科技
SZ300484,蓝海华腾
SH603025,大豪科技
SZ300495,*ST美尚
SH603868,飞科电器
SZ002788,鹭燕医药
SZ300431,暴风退(退市)
SZ002795,永和智控
SH601900,南方传媒
SH603588,高能环境
SH603889,新澳股份
SH603018,华设集团
SZ300501,海顺新材
SZ300409,道氏技术
SZ300522,世名科技
SH603021,山东华鹏
SZ300506,名家汇
SH603936,博敏电子
SZ300518,盛讯达
SH603108,润达医疗
SH603222,济民医疗
SZ300474,景嘉微
SH603838,四通股份
SH600444,国机通用
SH600777,新潮能源
SH600779,水井坊
SH600793,宜宾纸业
SH600802,福建水泥
SH600813,ST鞍一工(退市)
SH600828,茂业商业
SH600852,*ST中川(退市)
SH600878,*ST北科(退市)
SH600892,大晟文化
SH600899,*ST信联(退市)
SH600984,建设机械
SH600053,九鼎投资
SH600071,凤凰光学
SH600091,*ST明科
SH600136,当代文体
SH600556,天下秀
SH600163,中闽能源
SH600179,安通控股
SH600186,莲花健康
SH600217,中再资环
SH600233,圆通速递
SH600643,爱建集团
SH600644,乐山电力
SH600662,外服控股
SH600669,*ST鞍成(退市)
SH600670,*ST斯达(退市)
SH600683,京投发展
SZ002105,信隆健康
SZ000587,*ST金洲
SH603101,汇嘉时代
SZ300512,中亚股份
SH603318,水发燃气
SZ002742,三圣股份
SH603726,朗迪集团
SZ002791,坚朗五金
SZ300523,辰安科技
SH603131,上海沪工
SH603022,新通联
SH603268,松发股份
SH603508,思维列控
SZ300520,科大国创
SH603377,东方时尚
SZ002777,久远银海
SH603958,哈森股份
SH603020,爱普股份
SH603198,迎驾贡酒
SZ300519,新光药业
SZ002786,银宝山新
SZ300511,雪榕生物
SH603116,红蜻蜓
SH603866,桃李面包
SZ300513,恒实科技
SH603227,雪峰科技
SH601689,拓普集团
SZ002781,奇信股份
SH603909,合诚股份
SH601611,中国核建
SZ300516,久之洋
SH603011,合锻智能
SZ002800,天顺股份
SH601968,宝钢包装
SH603919,金徽酒
SH603969,银龙股份
SZ300526,中潜股份
SH603618,杭电股份
SZ002789,建艺集团
SH603066,音飞储存
SH603027,千禾味业
SZ300497,富祥药业
SH603608,天创时尚
SZ002790,瑞尔特
SH603798,康普顿
SH603999,读者传媒
SZ300529,健帆生物
SH603567,珍宝岛
SH603017,中衡设计
SH603703,盛洋科技
SZ300445,康斯特
SH603779,威龙股份
SH603788,宁波高发
SH603818,曲美家居
SZ300505,川金诺
SH603939,益丰药房
SZ002803,吉宏股份
SZA10128,金博士(IPO终止)
SZA11119,金创股份(IPO终止)
SZA10134,侏罗纪(IPO终止)
SZA10116,立晨物流(IPO终止)
SZA11138,康地种业(IPO终止)
SZA11114,井泰石油(IPO终止)
SZA04008,大港集箱(IPO终止)
SZA04018,双奇药业(IPO终止)
SZA06005,水晶化工(IPO终止)
SZA07054,南京石油(IPO终止)
SZA11324,吉锐触摸(IPO终止)
SZA12273,麦杰科技(IPO终止)
SZA10096,智胜化工(IPO终止)
SZA12276,华恒焊接(IPO终止)
SZA15262,爱科赛博(IPO终止)
SZA15251,金威源(IPO终止)
SZA09133,东方红(IPO终止)
SZA09119,恒波股份(IPO终止)
SZA12252,博浩生物(IPO终止)
SZA11011,德勤股份(IPO终止)
SZA07084,天施康(IPO终止)
SZA07094,晶辰电子(IPO终止)
SZA07095,朗光电子(IPO终止)
SZA07096,富源化工(IPO终止)
SZA09111,安得物流(IPO终止)
SZA09106,奇想青晨(IPO终止)
SZA09117,三英焊业(IPO终止)
SZA11271,通润驱动(IPO终止)
SZA10311,康乐药业(IPO终止)
SZA11284,裕华新材(IPO终止)
SZA11283,新荷花(IPO终止)
SHA12183,华锡集团(IPO终止)
SHA12189,中技股份(IPO终止)
SZA12190,沧海重工(IPO终止)
SZA12184,联冠电极(IPO终止)
SHA14522,洁华控股(IPO终止)
SHA12208,中国速递(IPO终止)
SHA12204,淮北矿业(IPO终止)
SZA12200,东方道迩(IPO终止)
SHA12202,金龙股份(IPO终止)
SZA12198,华龙电子(IPO终止)
SZA12216,汇胜股份(IPO终止)
SZA12221,凌丰集团(IPO终止)
SZA14527,新乡日升(IPO终止)
SZA12245,凯立德(IPO终止)
SZA12241,铁观音(IPO终止)
SZA12238,鹿山新材(IPO终止)
SZA14620,普德药业(IPO终止)
SHA14635,银宇股份(IPO终止)
SZA14629,中科创新(IPO终止)
SZA14647,北京正和(IPO终止)
SHA15204,磐能科技(IPO终止)
SZA09064,同济同捷(IPO终止)
SZA10287,网讯新材(IPO终止)
SHA11213,斗南锰业(IPO终止)
SZ300509,新美星
SH601127,小康股份
SH603029,天鹅股份
SH603026,石大胜华
SH603299,苏盐井神
SH603322,超讯通信
SZ002629,ST仁智
SH600076,康欣新材
SH600242,ST中昌
SH600882,妙可蓝多
SZ000034,神州数码
SH600568,ST中珠
SH600681,百川能源
SZ000068,华控赛格
SZ002505,鹏都农牧
SZ300018,中元股份
SH600632,华联商厦(退市)
SH603069,海汽集团
SH603997,继峰股份
SZ002802,洪汇新材
SH603010,万盛股份
SZ300521,爱司凯
SZ002796,世嘉科技
SZ300491,通合科技
SH603309,维力医疗
SH603117,万林物流
SZ002801,微光股份
SH603528,多伦科技
SH603885,吉祥航空
SH603701,德宏股份
SHA16319,中国华融(IPO终止)
SZ300813,泰林生物
SZA16158,泰克云储(IPO终止)
SZ300803,指南针
SZA16159,深赛尔(IPO终止)
SZA16205,嘉力达(IPO终止)
SH688588,凌志软件
SZA16224,汇美时尚(IPO终止)
SH600968,海油发展
SZ300769,德方纳米
SZ300799,左江科技
SZ002948,青岛银行
SH605108,同庆楼
SZ001296,长江材料
SH603967,中创物流
SZ002966,苏州银行
SZ300674,宇信科技
SZA16121,聚利科技(IPO终止)
SH603087,甘李药业
SZA16270,扬子地板(IPO终止)
SH601528,瑞丰银行
SZ002945,华林证券
SZ300777,中简科技
SH600721,*ST百花
SZ000669,ST金鸿
SZ000691,亚太实业
SZ000755,山西路桥
SZ002061,浙江交科
SZ002148,北纬科技
SZ002173,创新医疗
SZ000922,佳电股份
SZ002336,人人乐
SZ002456,欧菲光
SH600007,中国国贸
SH600090,*ST济堂
SH600791,京能置业
SH600226,ST瀚叶
SH600234,科新发展
SH600306,*ST商城
SH600385,*ST金泰
SH600866,星湖科技
SH600898,ST美讯
SH600980,北矿科技
SH600614,退市鹏起(退市)
SH600622,光大嘉宝
SZ000519,中兵红箭
SZ000532,华金资本
SZ000584,哈工智能
SZ000617,中油资本
SH600055,万东医疗
SH600106,重庆路桥
SH600546,山煤国际
SH600637,东方明珠
SZ000913,钱江摩托
SZ000976,华铁股份
SZ002199,东晶电子
SZ300668,杰恩设计
SZ300672,国科微
SZ300669,沪宁股份
SZ002885,京泉华
SZ300640,德艺文创
SZ002830,名雕股份
SZ002621,美吉姆
SZ300656,民德电子
SZ002826,易明医药
SZ300671,富满微
SZ002601,龙佰集团
SH601599,浙文影业
SH603456,九洲药业
SZ300598,诚迈科技
SZ002861,瀛通通讯
SZA12163,浙旅股份(IPO终止)
SHA12161,欧贝黎(IPO终止)
SZA12145,秦宝牧业(IPO终止)
SZA12139,南京莱斯(IPO终止)
SZA12144,中航文化(IPO终止)
SZA12136,爱康宜诚(IPO终止)
SZA14459,千乘影视(IPO终止)
SZA14465,龙软科技(IPO终止)
SHA14531,金叶股份(IPO终止)
SZA14530,一滕股份(IPO终止)
SZA14532,丹江电力(IPO终止)
SZA14603,汉光科技(IPO终止)
SHA14565,远大压缩(IPO终止)
SZ300564,筑博设计
SHA14588,大通物流(IPO终止)
SHA14586,海峡科化(IPO终止)
SZA14593,巅峰智业(IPO终止)
SHA14483,都市传媒(IPO终止)
SZA14482,北广科技(IPO终止)
SZA14491,博润工业(IPO终止)
SZA10167,贵州高峰(IPO终止)
SZA10216,宏泰股份(IPO终止)
SZA10249,嘉诚股份(IPO终止)
SZA11187,大连轴承(IPO终止)
SZA11203,乐歌视讯(IPO终止)
SZA12069,十一科技(IPO终止)
SZA12074,谱尼测试(IPO终止)
SZA12082,亿邦制药(IPO终止)
SZA12105,益康生物(IPO终止)
SZA12109,日晶能源(IPO终止)
SZA12123,思可达(IPO终止)
SZA12122,秋盛资源(IPO终止)
SZA12153,志诚泰和(IPO终止)
SZA12152,赛瓦特(IPO终止)
SZA12150,珠江桥(IPO终止)
SZA12159,百胜科技(IPO终止)
SZA12174,三奥股份(IPO终止)
SZA12172,大地生物(IPO终止)
SZA14289,龙宝参茸(IPO终止)
SZA14253,三恒科技(IPO终止)
SHA14205,沈鼓集团(IPO终止)
SZA14222,宏大真空(IPO终止)
SZA14415,江苏丹毛(IPO终止)
SHA14419,川金象(IPO终止)
SHA14092,舟港股份(IPO终止)
SZA14250,中盟科技(IPO终止)
SZA14265,华盛中天(IPO终止)
SZA14349,能量传播(IPO终止)
SZA14424,长泰股份(IPO终止)
SHA14145,南航传媒(IPO终止)
SHA14511,珠海越亚(IPO终止)
SZA14517,山东天力(IPO终止)
SZA14521,鑫广安(IPO终止)
SHA14514,自立股份(IPO终止)
SHA14520,汇绿园林(IPO终止)
SZA14448,科利化工(IPO终止)
SZA14455,华迈股份(IPO终止)
SZA14543,万隆制药
SZA14542,中航时尚(IPO终止)
SZA14546,科龙节能(IPO终止)
SZA14539,宏电技术(IPO终止)
SZA14497,新油股份(IPO终止)
SZA14479,信诺传播(IPO终止)
SZA14608,天波信息(IPO终止)
SHA14550,生迪光电(IPO终止)
SZ300938,信测标准
SH603028,赛福天
SZ300499,高澜股份
SZA12234,卓越鸿昌(IPO终止)
SZA12233,银丰棉花(IPO终止)
SZA12255,邦柯科技(IPO终止)
SZA12256,广东奔朗(IPO终止)
SZA14649,麦特股份(IPO终止)
SZA14639,万兴科技(IPO终止)
SZA14652,雷迪波尔(IPO终止)
SZA04005,现代达驰(IPO终止)
SZA04006,永昌复合(IPO终止)
SZA04007,绿源股份(IPO终止)
SZA04010,中色科技(IPO终止)
SZA04011,八一化工(IPO终止)
SZA04013,东伟实业(IPO终止)
SZA04014,宁夏沙湖(IPO终止)
SZA04015,北方华德(IPO终止)
SZA04016,中港股份(IPO终止)
SZA04017,深业物流(IPO终止)
SZA04019,安粮国际(IPO终止)
SZA04020,海洋石油(IPO终止)
SZA04021,南京空港(IPO终止)
SZA04022,大连正源(IPO终止)
SZA04023,金陵金箔(IPO终止)
SZA04024,浙江发展(IPO终止)
SZA04025,苏豪国际(IPO终止)
SZA04027,天歌传媒(IPO终止)
SZA05001,蒙西水泥(IPO终止)
SZA05002,四方机车
SZA06021,嘉康电子(IPO终止)
SZA06022,江阴港(IPO终止)
SZA07020,中铁物流(IPO终止)
SZA07024,三鸥股份
SZA07033,塔河种业(IPO终止)
SZA07037,盛和阳(IPO终止)
SZA15133,蓝科减震(IPO终止)
SZ003041,真爱美家
SHA15125,浦江缆索(IPO终止)
SZA15175,金星股份(IPO终止)
SZA15200,海明润(IPO终止)
SHA15150,华气科技(IPO终止)
SZA15144,银隆农业(IPO终止)
SZA10185,优机股份(IPO终止)
SZA10184,广机股份(IPO终止)
SZA11304,佳力科技(IPO终止)
SZA10192,金能股份(IPO终止)
SZA11144,丰科生物(IPO终止)
SZA11152,西龙新材(IPO终止)
SZA11202,亨达股份(IPO终止)
SZA11154,中航科技(IPO终止)
SZA12111,斯菲尔(IPO终止)
SZA11260,瑞明股份(IPO终止)
SZA12063,信音电子(IPO终止)
SZA12066,元征科技(IPO终止)
SZA12067,东锋股份(IPO终止)
SZA12070,江苏金源(IPO终止)
SZA12097,金大地(IPO终止)
SHA14013,天达环保(IPO终止)
SZA14023,德乐股份(IPO终止)
SZA14099,南京恒燃(IPO终止)
SZA14328,众鸿科技(IPO终止)
SZA14139,壮丽彩印(IPO终止)
SZA14135,东方节能(IPO终止)
SZA14127,泰德制药(IPO终止)
SHA14067,富泰股份(IPO终止)
SHA14364,真彩文具(IPO终止)
SHA14278,流行美(IPO终止)
SZA14366,三联交通(IPO终止)
SZA14288,迈普技术(IPO终止)
SZA14293,深爱股份(IPO终止)
SZA07042,摩士集团(IPO终止)
SZA07057,菏泽股份(IPO终止)
SZA07082,永怡集团(IPO终止)
SZ300588,熙菱信息
SZ300081,恒信东方
SZ300659,中孚信息
SZ002852,道道全
SZ300555,路通视信
SZ300547,川环科技
SH603160,汇顶科技
SH603569,长久物流
SZ002819,东方中科
SZ300539,横河精密
SZ002810,山东赫达
SH603639,海利尔
SZ002812,恩捷股份
SZ300542,新晨科技
SZ300573,兴齐眼药
SZ002835,同为股份
SH603858,步长制药
SZ300549,优德精密
SH603258,电魂网络
SZ300586,美联新材
SZ002829,星网宇达
SZ300600,国瑞科技
SH603444,吉比特
SZ300543,朗科智能
SZ002825,纳尔股份
SZ300570,太辰光
SZ300531,优博讯
SZ300525,博思软件
SZ300545,联得装备
SZ300538,同益股份
SZ300556,丝路视觉
SH603658,安图生物
SZ300665,飞鹿股份
SH603067,振华股份
SH601229,上海银行
SH603043,广州酒家
SZ300550,和仁科技
SZ002824,和胜股份
SZ300541,先进数通
SZ300548,博创科技
SZ300560,中富通
SH603888,新华网
SZ300561,汇金科技
SZ300540,深冷股份
SZ300459,汤姆猫
SZ300558,贝达药业
SH603239,浙江仙通
SZ002865,钧达股份
SZ300551,古鳌科技
SZ300569,天能重工
SH601163,三角轮胎
SH603727,博迈科
SZ002836,新宏泽
SH603098,森特股份
SZ300631,久吾高科
SH603186,华正新材
SZ002842,翔鹭钨业
SZ300553,集智股份
SH600977,中国电影
SZ002816,和科达
SH603789,星光农机
SH600680,*ST上普(退市)
SH600331,宏达股份
SZ300579,数字认证
SZ300596,利安隆
SH601595,上海电影
SZ002820,桂发祥
SH603929,亚翔集成
SZ300528,幸福蓝海
SH601198,东兴证券
SZ300536,农尚环境
SZ002822,中装建设
SZ002849,威星智能
SH603787,新日股份
SH603385,惠达卫浴
SZ002774,快意电梯
SZ002379,宏创控股
SZ300079,数码视讯
SZ300167,迪威迅
SZ002847,盐津铺子
SZ002846,英联股份
SZ300592,华凯创意
SZ300575,中旗股份
SZ002853,皮阿诺
SZ300617,安靠智电
SH600996,贵广网络
SZ002359,北讯退(退市)
SZ300061,旗天科技
SZ002858,力盛赛车
SZ002850,科达利
SZ300571,平治信息
SZ300578,会畅通讯
SZ300581,晨曦航空
SZ002855,捷荣技术
SZ300684,中石科技
SH603358,华达科技
SZ002867,周大生
SZ300580,贝斯特
SZA10262,元盛电子(IPO终止)
SZA15199,九圣禾(IPO终止)
SZ300606,金太阳
SZ300619,金银河
SZ300576,容大感光
SZ300597,吉大通信
SZ002309,中利集团
SZ002306,中科云网
SZ002352,顺丰控股
SZ002346,柘中股份
SZ300657,弘信电子
SZ002833,弘亚数控
SZ002837,英维克
SZ300566,激智科技
SZ300567,精测电子
SH603298,杭叉集团
SZ300587,天铁股份
SH601375,中原证券
SZ300615,欣天科技
SH603228,景旺电子
SZ002848,高斯贝尔
SZ002857,三晖电气
SZ002841,视源股份
SH603877,太平鸟
SZ002840,华统股份
SH601881,中国银河
SZ300557,理工光科
SZ300563,神宇股份
SZ300582,英飞特
SZ300623,捷捷微电
SH603556,海兴电力
SZ300534,陇神戎发
SZ002817,黄山胶囊
SHA14375,西点药业(IPO终止)
SZA14173,华强方特
SHA14160,同方环境(IPO终止)
SHA14164,元晖光电(IPO终止)
SHA14312,海鑫科金(IPO终止)
SZA14074,复大医疗(IPO终止)
SZA14075,振隆股份(IPO终止)
SZA14056,长和化工(IPO终止)
SHA15082,楚源高新(IPO终止)
SH688398,赛特新材
SZA15071,隆基电磁(IPO终止)
SZA15072,浙江环新(IPO终止)
SZ301098,C金埔
SHA15180,光耀能源(IPO终止)
SZA15181,万昌股份(IPO终止)
SZA15192,华辰股份(IPO终止)
SZA15196,实华工程(IPO终止)
SZA15202,格瑞迪斯(IPO终止)
SHA15172,东江畜牧(IPO终止)
SZA15110,新诤信(IPO终止)
SHA16097,江南环保(IPO终止)
SZA16090,联嘉祥(IPO终止)
SHA16054,西凤酒(IPO终止)
SZ300835,龙磁科技
SHA16059,阿波罗(IPO终止)
SZA16042,信利光电(IPO终止)
SZ300761,立华股份
SZA16048,和时利(IPO终止)
SHA16050,金龙股份(IPO终止)
SHA16025,金辉股份(IPO终止)
SZA16023,鸿效节能(IPO终止)
SZA16009,海湾吊装(IPO终止)
SZA16310,麟龙股份(IPO终止)
SHA16335,秦森园林(IPO终止)
SZA16329,无锡威峰(IPO终止)
SZA16307,慧尔股份(IPO终止)
SH601456,国联证券
SH688106,金宏气体
SZA16320,墨迹科技(IPO终止)
SHA16321,毛戈平股份
SZ002884,凌霄泵业
SH603042,华脉科技
SZ300621,维业股份
SZ002866,传艺科技
SZ300630,普利制药
SZ300514,友讯达
SZ300650,太龙股份
SZ300643,万通智控
SZ002883,中设股份
SZ300653,正海生物
SZ300648,星云股份
SZ300652,雷迪克
SH600349,富通昭和(IPO终止)
SZ000066,中国长城
SZ000408,藏格控股
SZ000738,航发控制
SZ000980,*ST众泰
SZ002513,蓝丰生化
SH600146,*ST环球
SH600401,退市海润(退市)
SH600520,文一科技
SH600675,中华企业
SH600745,闻泰科技
SZ300128,锦富技术
SZ002614,奥佳华
SH600926,杭州银行
SZ300583,赛托生物
SZ300629,新劲刚
SZ300602,飞荣达
SZ300599,雄塑科技
SZ300591,万里马
SZ002871,伟隆股份
SZ002872,ST天圣
SZ002473,*ST圣莱
SZ002862,实丰文化
SZ002878,元隆雅图
SZ300593,新雷能
SZ300577,开润股份
SZ002868,绿康生化
SZ300616,尚品宅配
SZ002873,新天药业
SZ300607,拓斯达
SZ300639,凯普生物
SZ300608,思特奇
SZ300605,恒锋信息
SZ300645,正元智慧
SZ300584,海辰药业
SZ300638,广和通
SZ300595,欧普康视
SZ300632,光莆股份
SZ300613,富瀚微
SZ300618,寒锐钴业
SZ300589,江龙船艇
SZ002859,洁美科技
SZ002870,香山股份
SH603586,金麒麟
SZ300612,宣亚国际
SZ300585,奥联电子
SZ300601,康泰生物
SZ002860,星帅尔
SZ300610,晨化股份
SZ300590,移为通信
SZ002869,金溢科技
SZ002863,今飞凯达
SHA14444,思华科技(IPO终止)
SZA14472,骏达光电(IPO终止)
SZA14549,百利天恒(IPO终止)
SZA14537,瑞友科技(IPO终止)
SH603983,丸美股份
SZA14577,广东科茂(IPO终止)
SZA14571,伟岸测器(IPO终止)
SZ002813,路畅科技
SZ002787,华源控股
SZ300535,达威股份
SZ002823,凯中精密
SH601811,新华文轩
SH603515,欧普照明
SZ002821,凯莱英
SZ300500,启迪设计
SH603520,司太立
SZ002733,雄韬股份
SH603998,方盛制药
SZ300552,万集科技
SZ002811,郑中设计
SZ002832,比音勒芬
SZ002809,红墙股份
SH600909,华安证券
SZ002808,恒久科技
SH603816,顾家家居
SH601997,贵阳银行
SH600967,内蒙一机
SH600230,沧州大化
SH600004,白云机场
SZ002807,江阴银行
SH600725,云维股份
SH600732,爱旭股份
SH600737,中粮糖业
SH600265,*ST景谷
SZ300537,广信材料
SZ002856,美芝股份
SZ002763,汇洁股份
SZ002739,万达电影
SZ300530,*ST达志
SZ300655,晶瑞电材
SZ300660,江苏雷利
SZ002827,高争民爆
SZ300666,江丰电子
SH601222,林洋能源
SZ300237,美晨生态
SZ300658,延江股份
SZ300641,正丹股份
SZ300651,金陵体育
SZ300554,三超新材
SZ300604,长川科技
SZ300642,透景生命
SZ300372,欣泰退(退市)
SZ002880,卫光生物
SZ300628,亿联网络
SZ300622,博士眼镜
SZ300603,立昂技术
SZ300633,开立医疗
SZ300637,扬帆新材
SZ300627,华测导航
SZ300609,汇纳科技
SZ300670,大烨智能
SZ300625,三雄极光
SZ300663,科蓝软件
SZ300728,天常股份
SZ300636,同和药业
SZ002886,沃特股份
SZ300626,华瑞股份
SZ300661,圣邦股份
SZ002879,长缆科技
SZ300635,中达安
SZ300662,科锐国际
SZ300620,光库科技
SZ300611,美力科技
SHA16226,致瑞传媒(IPO终止)
SHA16214,吉人高新(IPO终止)
SZA16223,瑞芯微(IPO终止)
SHA16227,互联传媒(IPO终止)
SHA16212,山东玻纤(IPO终止)
SHA16217,江苏东强(IPO终止)
SZA16231,日懋园林(IPO终止)
SHA16234,华科股份(IPO终止)
SZA16200,明道灯光(IPO终止)
SZ001218,丽臣实业
SHA16125,中山化工
SH605151,西上海
SZA16116,佰源股份(IPO终止)
SZA16094,迈奇化学(IPO终止)
SZA16106,双环电子(IPO终止)
SZA11230,招金励福(IPO终止)
SHA16068,虎扑体育(IPO终止)
SHA16067,科惠医疗(IPO终止)
SZA16083,智迪科技(IPO终止)
SZA16087,明朝互动(IPO终止)
SZA16081,新宇合创(IPO终止)
SZA16058,格林伟迪(IPO终止)
SZA16065,族兴新材(IPO终止)
SZ300832,新产业
SHA16037,稳健医疗(IPO终止)
SHA16039,悉地设计(IPO终止)
SZA16029,双飞轴承(IPO终止)
SZA16030,重庆百亚(IPO终止)
SZA16034,环美生态(IPO终止)
SHA16006,时代院线(IPO终止)
SZA16011,绩丰岩土(IPO终止)
SZA16004,新水源景(IPO终止)
SHA16019,林果股份(IPO终止)
SHA16005,剑牌农化
SHA16010,森鹰窗业(IPO终止)
SZA15356,城林科技(IPO终止)
SZA15347,金枪新材(IPO终止)
SHA15350,永德吉(IPO终止)
SH688056,莱伯泰科
SZA15294,清溢光电(IPO终止)
SZA15248,华龙讯达(IPO终止)
SZA15250,广宁股份(IPO终止)
SZA15211,中亦科技
SH688208,道通科技
SH688590,新致软件
SZA15273,圣华曦(IPO终止)
SZA15272,仲景食品(IPO终止)
SZA15236,京博农化(IPO终止)
SH605303,园林股份
SZ300767,震安科技
SZA15239,欧维姆(IPO终止)
SHA15258,德龙激光
SHA15279,润弘制药(IPO终止)
SZA15261,锡装股份
SZA16290,赛纬电子(IPO终止)
SZA15313,翰林航宇(IPO终止)
SZA15316,智业软件(IPO终止)
SZA15311,阜特科技(IPO终止)
SHA15317,威士顿(IPO终止)
SZA15303,蓝天股份(IPO终止)
SZA15301,震裕科技(IPO终止)
SZA15300,中科江南
SZA17092,中孚泰(IPO终止)
SH688111,金山办公
SH600319,*ST亚星
SH600339,中油工程
SH600375,汉马科技
SH600390,五矿资本
SH600400,红豆股份
SH600462,ST九有
SH600482,中国动力
SH600783,鲁信创投
SH600790,轻纺城
SH600799,*ST龙科(退市)
SH600823,世茂股份
SH600512,腾达建设
SH600515,*ST基础
SH600528,中铁工业
SH600837,海通证券
SH600891,退市秋林(退市)
SH600893,航发动力
SH600965,福成股份
SH600978,*ST宜生(退市)
SH601866,中远海发
SH600005,武钢股份(退市)
SH600026,中远海能
SH600068,葛洲坝(退市)
SH600072,中船科技
SH600552,凯盛科技
SH600566,济川药业
SH600576,祥源文化
SH600581,八一钢铁
SH600633,浙数文化
SH600212,江泉实业
SH600221,*ST海航
SH600246,万通发展
SH600255,鑫科材料
SH600639,浦东金桥
SH600645,中源协和
SH600655,豫园股份
SH600673,东阳光
SH600679,上海凤凰
SZ002120,韵达股份
SZ002123,梦网科技
SZ000622,恒立实业
SZ000633,合金投资
SZ000693,华泽退(退市)
SZ000710,贝瑞基因
SZ002141,贤丰控股
SZ002150,通润装备
SZ000748,长城信息(退市)
SZ002180,纳思达
SZ000803,北清环能
SZ000811,冰轮环境
SZ000831,五矿稀土
SZ000856,冀东装备
SZ002220,天宝退(退市)
SZ000037,深南电A
SZ000892,欢瑞世纪
SZ000906,浙商中拓
SZ000158,常山北明
SZ000916,华北高速(退市)
SZ000933,神火股份
SZ000962,东方钽业
SZ000972,*ST中基
SZ000540,中天金融
SZ002371,北方华创
SH603861,白云电器
SZ000564,*ST大集
SZ002042,华孚时尚
SZ002828,贝肯能源
SZ300572,安车检测
SZ300756,金马游乐
SZA15188,西安华晶(IPO终止)
SZ003025,思进智能
SHA15190,河马井(IPO终止)
SZA15170,国策环保(IPO终止)
SHA15187,圣和药业(IPO终止)
SHA15201,勇猛机械(IPO终止)
SZA15171,索贝数码(IPO终止)
SZA15105,海湾环境(IPO终止)
SZA15157,智马传媒(IPO终止)
SZA15141,港通医疗(IPO终止)
SZA15107,西龙同辉(IPO终止)
SHA15117,台一盈拓(IPO终止)
SZA15114,诺特健康(IPO终止)
SZ300945,曼卡龙
SZA15174,云星宇(IPO终止)
SZA15095,瑞能通信(IPO终止)
SZ300865,大宏立
SHA15050,兰迪机器(IPO终止)
SZA15047,飞轮股份(IPO终止)
SZA15076,永泰隆(IPO终止)
SHA15060,尼毕鲁(IPO终止)
SZ300867,圣元环保
SHA15069,壶化股份(IPO终止)
SZA14689,合容电气(IPO终止)
SHA15007,空港实业(IPO终止)
SZA15001,中泰模具(IPO终止)
SZA14663,百合医疗(IPO终止)
SZA14673,和宏股份(IPO终止)
SZA14638,皖垦种业(IPO终止)
SHA14239,三达膜(IPO终止)
SHA14262,基美传媒(IPO终止)
SZA14272,里伍铜业(IPO终止)
SZ002069,獐子岛
SZ002070,众和退(退市)
SZ002419,天虹股份
SZ002276,万马股份
SZ002289,宇顺电子
SZ002290,禾盛新材
SH600391,航发科技
SH600555,*ST海创
SH601918,新集能源
SH600135,乐凯胶片
SH600030,中信证券
SZ000033,新都退(退市)
SZ000504,南华生物
SZ000717,韶钢松山
SZ000968,蓝焰控股
SH600423,柳化股份
SZ002619,*ST艾格
SZ000881,中广核技
SZ000912,泸天化
SZ002193,如意集团
SZ000982,中银绒业
SZ000611,*ST天首
SZ000736,中交地产
SZ300649,杭州园林
SZ002638,勤上股份
SZ300405,科隆股份
SZ002843,泰嘉股份
SZ002838,道恩股份
SZ300546,雄帝科技
SZ002716,金贵银业
SH603777,来伊份
SZ300338,开元教育
SH601608,中信重工
SZ300349,金卡智能
SZA14505,3L股份(IPO终止)
SH603682,锦和商业
SH603755,日辰股份
SH601236,红塔证券
SHA17249,龙创设计(IPO终止)
SHA17260,泰昆股份(IPO终止)
SZA17258,瑞联新材(IPO终止)
SZ300776,帝尔激光
SZ300758,七彩化学
SHA17199,趣炫网络(IPO终止)
SHA17200,富士莱(IPO终止)
SZA17201,井冈山旅游(IPO终止)
SH603121,华培动力
SZ300775,三角防务
SZA17234,柠檬微趣(IPO终止)
SZA17151,大洋泊车(IPO终止)
SZ300268,佳沃食品
SZ002608,江苏国信
SZ001979,招商蛇口
SH600919,江苏银行
SZ300140,中环装备
SH601018,宁波港
SZ300647,超频三
SZ002423,中粮资本
SZ000166,申万宏源
SZ300143,盈康生命
SZ300568,星源材质
SHA15024,华光新材(IPO终止)
SH603165,荣晟环保
SZA14726,科维节能(IPO终止)
SZ002953,日丰股份
SZ002831,裕同科技
SZ002845,同兴达
SH603585,苏利股份
SZ300562,乐心医疗
SZ300565,科信技术
SZ002839,张家港行
SH601966,玲珑轮胎
SH603060,国检集团
SZ300533,冰川网络
SH603628,清源股份
SZ002818,富森美
SH603959,百利科技
SH603302,鑫广绿环
SZ002464,*ST众应
SZ300099,精准信息
SZ002109,兴化股份
SZ002156,通富微电
SZ002401,中远海科
SZ002815,崇达技术
SZ002851,麦格米特
SZ300306,远方信息
SZ300007,汉威科技
SH601200,上海环境
SZA16078,步科股份(IPO终止)
SHA16076,复医天健(IPO终止)
SZA16075,博拉网络(IPO终止)
SZA16092,海宁家纺(IPO终止)
SZA16091,金鑫集团(IPO终止)
SHA16089,宝贝儿股份(IPO终止)
SH688058,宝兰德
SZ300766,每日互动
SHA17268,乐元素(IPO终止)
SHA17266,西子停车(IPO终止)
SZ300811,铂科新材
SZA17111,安健科技(IPO终止)
SZ300752,隆利科技
SZA17079,新大陆通信(IPO终止)
SZA17077,广联环境(IPO终止)
SZA17081,科拓股份(IPO终止)
SZ300783,三只松鼠
SZA17063,明森科技(IPO终止)
SHA17061,捷众科技(IPO终止)
SZA17064,建升科技(IPO终止)
SZ300785,值得买
SZ301028,东亚机械
SHA16314,浩德科技(IPO终止)
SHA16318,鸿禧能源(IPO终止)
SZA16326,新博美(IPO终止)
SZA17019,睿思凯(IPO终止)
SH603379,三美股份
SHA17022,日风电气(IPO终止)
SZA17017,渠道网络(IPO终止)
SH603353,和顺石油
SH688350,富淼科技
SH603700,宁水集团
SZA17118,永兴元(IPO终止)
SH603256,宏和科技
SH603267,鸿远电子
SHA17131,奇瑞金融(IPO终止)
SH688800,瑞可达
SHA17133,国科恒泰(IPO终止)
SZA17144,振威展览(IPO终止)
SZA17140,银河微电(IPO终止)
SHA17217,华通能源(IPO终止)
SHA17155,天元宠物(IPO终止)
SHA17208,才府玻璃(IPO终止)
SH603915,国茂股份
SH605183,确成股份
SZA17244,苏州规划(IPO终止)
SZ002941,新疆交建
SZ300788,中信出版
SH603106,恒银科技
SH603365,水星家纺
SHA17085,中建投租赁
SHA17086,漫道金服(IPO终止)
SZA17088,优科生物(IPO终止)
SZ300771,智莱科技
SZA17098,艾融软件(IPO终止)
SH688616,西力科技
SH603279,景津环保
SZA17082,奥凯种机(IPO终止)
SHA17045,润农节水(IPO终止)
SZA17049,中新网安(IPO终止)
SZA17052,普天铁心(IPO终止)
SZ300786,国林科技
SZ300781,因赛集团
SZ300807,天迈科技
SHA17035,米哈游(IPO终止)
SHA17039,万高药业(IPO终止)
SZA17040,天地在线(IPO终止)
SZ300773,拉卡拉
SZA17001,中天精装(IPO终止)
SH600928,西安银行
SZA12287,中矿环保(IPO终止)
SZA16295,广信科技(IPO终止)
SZA16301,瑞翌新材(IPO终止)
SZ301017,漱玉平民
SHA16293,汇仁股份(IPO终止)
SZA16334,森达电气(IPO终止)
SZA16328,豫玉种业(IPO终止)
SZA16338,回头客(IPO终止)
SHA17011,联德精材(IPO终止)
SHA17003,北洋传媒(IPO终止)
SHA17004,金丹科技(IPO终止)
SHA17008,蓝怡科技(IPO终止)
SH603109,神驰机电
SZ002692,ST远程
SZ002537,海联金汇
SH600201,生物股份
SH600301,*ST南化
SH600545,卓郎智能
SH601919,中远海控
SZ300299,富春股份
SZ300308,中际旭创
SZ300532,今天国际
SZ002530,金财互联
SZ002558,巨人网络
SZ002664,长鹰信质
SZ300083,创世纪
SZ300108,吉药控股
SHA16184,神农股份(IPO终止)
SZA16190,易百信息(IPO终止)
SHA16183,通领科技(IPO终止)
SHA16199,钜泉光电(IPO终止)
SZA16144,世纪恒通(IPO终止)
SZA16142,威尔曼(IPO终止)
SZ003033,征和工业
SZA16127,圣迪乐村(IPO终止)
SZA16147,普元信息(IPO终止)
SZA16135,英博电气(IPO终止)
SZA16143,爱威科技(IPO终止)
SZA16146,海纳生物(IPO终止)
SZA16136,优创科技(IPO终止)
SHA16139,十月妈咪(IPO终止)
SZA16148,矽时代(IPO终止)
SZA16152,裂帛股份(IPO终止)
SZA16165,三锋股份(IPO终止)
SZ300949,奥雅设计
SH688687,凯因科技
SZA16173,江苏联动(IPO终止)
SZA16171,怡成生物(IPO终止)
SZA16167,诺思格
SH688060,云涌科技
SZA16201,华灿电讯(IPO终止)
SZ300878,维康药业
SZ300886,华业香料
SZA16206,嘉必优(IPO终止)
SZA16203,三诺声(IPO终止)
SZA16204,洁昊环保(IPO终止)
SZA16210,利田科技(IPO终止)
SZ301026,浩通科技
SH603115,海星股份
SZA17398,弘业期货
SZ300779,惠城环保
SZ002956,西麦食品
SHA17360,赫基中国(IPO终止)
SHA17312,德纳股份(IPO终止)
SZ002967,广电计量
SH601298,青岛港
SZ300789,唐源电气
SZA17324,大丰农商银行
SH688317,之江生物
SH601916,浙商银行
SZA17340,扬瑞新材(IPO终止)
SH603351,威尔药业
SZ002950,奥美医疗
SHA17334,超达装备(IPO终止)
SH603332,苏州龙杰
SZ002947,恒铭达
SZ300778,新城市
SZ002952,亚世光电
SZ002946,新乳业
SH603613,国联股份
SZA17289,泰恩康(IPO终止)
SZ300780,德恩精工
SZ300795,*ST米奥
SZA17305,博纳影业
SZ300772,运达股份
SZ001216,华瓷股份
SZ002943,宇晶股份
SH603068,博通集成
SZ300762,上海瀚讯
SHA17318,力邦合信(IPO终止)
SZ300763,锦浪科技
SZ300828,锐新科技
SZ300960,通业科技
SZ003012,东鹏控股
SZA17275,生泰尔(IPO终止)
SZA17276,通宝光电(IPO终止)
SZA17232,铁集股份(IPO终止)
SZ300768,迪普科技
SH603629,利通电子
SH603739,蔚蓝生物
SZA17239,创智和宇(IPO终止)
SHA17253,球冠电缆(IPO终止)
SH603662,柯力传感
SH601865,福莱特
SZ300753,爱朋医疗
SHA17157,纵横集团(IPO终止)
SZA17158,国科集团(IPO终止)
SHA17159,德兴股份(IPO终止)
SZ300759,康龙化成
SZA17162,申菱环境(IPO终止)
SZA17163,天丰电源(IPO终止)
SZ301035,润丰股份
SZA17192,铭丰股份(IPO终止)
SZ300757,罗博特科
SZ002942,新农股份
SZ300751,迈为股份
SHA17197,创鑫激光(IPO终止)
SHA17212,赛特威尔(IPO终止)
SH603681,永冠新材
SH603595,东尼电子
SZ002910,庄园牧场
SHA15085,建工修复(IPO终止)
SZA15338,华电电气(IPO终止)
SHA15203,高威科(IPO终止)
SZA14660,鲟龙科技(IPO终止)
SZ300837,浙矿股份
SZA15318,龙旗科技(IPO终止)
SZA15012,雷杜股份(IPO终止)
SZA15225,蓝信科技(IPO终止)
SZA14498,财富趋势(IPO终止)
SZA14651,兰宝传感(IPO终止)
SZA14582,卓越新能(IPO终止)
SHA14373,欣贺股份(IPO终止)
SZA14305,雷赛智能(IPO终止)
SHA15108,科迈股份(IPO终止)
SZ002981,朝阳科技
SZA17089,信联智通(IPO终止)
SH605266,健之佳
SZA17018,网银互联(IPO终止)
SZA17099,恒达新材
SHA16049,安佑生物(IPO终止)
SZA17057,腾远钴业(IPO终止)
SZA17071,比路电子(IPO终止)
SZA17075,天元集团(IPO终止)
SZA17027,格林精密(IPO终止)
SHA17023,浙江国祥(IPO终止)
SHA17002,勋龙智造(IPO终止)
SZA16308,春晖智控(IPO终止)
SHA16304,申联生物(IPO终止)
SHA16322,康宁医院(IPO终止)
SZA16172,金太阳(IPO终止)
SHA16156,挖金客(IPO终止)
SZ002999,天禾股份
SZA16277,和顺科技
SHA16282,顺博合金(IPO终止)
SH603185,上机数控
SZ300827,上能电气
SZA16268,泰达新材(IPO终止)
SZA16259,新立基(IPO终止)
SZA16261,宇邦新材(IPO终止)
SZ300755,华致酒行
SHA16251,碧桂园物业(IPO终止)
SZA16258,重数传媒(IPO终止)
SZA16257,云克隆(IPO终止)
SZA16242,派诺科技(IPO终止)
SZA16243,如意情(IPO终止)
SHA16239,力芯微(IPO终止)
SZA17013,广特电气(IPO终止)
SZ002625,光启技术
SZA14594,台沃农科(IPO终止)
SZA14329,品恩科技(IPO终止)
SHA14326,美联股份(IPO终止)
SHA14256,可一文化(IPO终止)
SHA14376,派特罗尔(IPO终止)
SZA15295,盛京银行(IPO终止)
SZ300859,*ST西域
SHA04028,首创置业(IPO终止)
SZ300594,朗进科技
SH601187,厦门银行
SZ002949,华阳国际
SZA17342,创美药业(IPO终止)
SH603863,ST松炀
SZ300770,新媒股份
SZA17349,绿色家园(IPO终止)
SZ002951,金时科技
SZ300798,锦鸡股份
SH603786,科博达
SZ002957,科瑞技术
SHA17374,宁武新材(IPO终止)
SH603982,泉峰汽车
SHA17376,荣成环科(IPO终止)
SH603212,赛伍技术
SHA17379,厦门农商行
SH603530,神马电力
SZA17381,通灵股份
SH603956,威派格
SZA17383,小狗电器(IPO终止)
SH603867,新化股份
SZ300765,新诺威
SH603236,移远通信
SHA17388,长华化学(IPO终止)
SH601698,中国卫通
SH603927,中科软
SH600989,宝丰能源
SH603687,大胜达
SH603327,福蓉科技
SH603825,华扬联众
SH603602,纵横通信
SZ300427,红相股份
SH603345,安井食品
SH603501,韦尔股份
SH603926,铁流股份
SH603139,康惠制药
SH603200,上海洗霸
SH603331,百达精工
SH603056,德邦股份
SH603721,中广天择
SH603679,华体科技
SH603488,展鹏科技
SH603776,永安行
SH603197,保隆科技
SZ000609,*ST中迪
SH601360,三六零
SH603320,迪贝电气
SH603266,天龙股份
SH601086,国芳集团
SH603860,中公高科
SH603690,至纯科技
SH603096,新经典
SH603536,惠发食品
SH603041,美思德
SH603906,龙蟠科技
SH603180,金牌厨柜
SH603050,科林电气
SH603396,金辰股份
SH603920,世运电路
SH603078,江化微
SH603826,坤彩科技
SH603680,今创集团
SH603081,大丰实业
SH603496,恒为科技
SH603856,东宏股份
SH603316,诚邦股份
SH603335,迪生力
SH603269,海鸥股份
SH603232,格尔软件
SH603229,奥翔药业
SH603127,昭衍新药
SH603855,华荣股份
SH603879,永悦科技
SH603516,淳中科技
SH603500,祥和实业
SH603976,正川股份
SH600901,江苏租赁
SH603129,春风动力
SHA20669,南模生物
SHA20670,珈创生物(IPO终止)
SH688639,华恒生物
SH603392,万泰生物
SZA16137,时代装饰(IPO终止)
SHA16246,丽人丽妆(IPO终止)
SZA16115,菱王电梯(IPO终止)
SZA16265,曙光电缆(IPO终止)
SZA16262,天智互联(IPO终止)
SZ002958,青农商行
SZA17194,新城悦(IPO终止)
SHA17205,旺成科技(IPO终止)
SZ002992,宝明科技
SZA17112,贝斯达(IPO终止)
SHA17150,冠东股份(IPO终止)
SHA17106,立中股份(IPO终止)
SZA17127,华智融(IPO终止)
SZ300883,龙利得
SHA17124,新华扬
SH601077,渝农商行
SZA18001,协鑫智慧能源(IPO终止)
SZA17299,中科鼎实(IPO终止)
SZ000737,南风化工
SHA16220,蓝电环保(IPO终止)
SZ002881,美格智能
SH603305,旭升股份
SZ002717,岭南股份
SZA11162,朝歌科技(IPO终止)
SH603757,大元泵业
SH603157,*ST拉夏
SH603387,基蛋生物
SH603233,大参林
SZ002609,捷顺科技
SH603728,鸣志电器
SH603803,瑞斯康达
SH603113,金能科技
SZ002875,安奈儿
SH603225,新凤鸣
SZA15186,骏丰频谱(IPO终止)
SZ002876,三利谱
SZ002417,深南股份
SZ002447,*ST晨鑫
SH603833,欧派家居
SH603579,荣泰健康
SH603603,博天环境
SZA14456,优创材料(IPO终止)
SH601858,中国科传
SH601212,白银有色
SH603612,索通发展
SH603421,鼎信通讯
SH601128,常熟银行
SZ000410,ST沈机
SZ000991,通海高科(IPO终止)
SZ002024,苏宁易购
SHA17211,鄂中生态(IPO终止)
SZA17230,绿岸网络(IPO终止)
SZA17228,奇致激光(IPO终止)
SHA17148,太平洋电缆(IPO终止)
SZA17152,明微电子(IPO终止)
SZ300839,博汇股份
SZA17136,新时空(IPO终止)
SZA17141,宝鸿精密(IPO终止)
SH688026,洁特生物
SHA17029,凯雪冷链(IPO终止)
SH688571,杭华股份
SH603399,吉翔股份
SH601860,紫金银行
SH603626,科森科技
SH603881,数据港
SHA14191,大中矿业(IPO终止)
SZA16279,耐普矿机(IPO终止)
SH603527,众源新材
SH603922,金鸿顺
SH603707,健友股份
SH603477,巨星农牧
SH603890,春秋电子
SH603882,金域医学
SH603136,天目湖
SH603617,君禾股份
SH601619,嘉泽新能
SH603813,原尚股份
SH603458,勘设股份
SH603980,吉华集团
SH603326,我乐家居
SH603722,阿科力
SH603260,合盛硅业
SH601949,中国出版
SH603059,倍加洁
SH603161,科华控股
SH601992,金隅集团
SZ002659,凯文教育
SZ300060,苏州恒久(IPO终止)
SH600702,舍得酒业
SH600764,中国海防
SH600421,华嵘控股
SZ002082,万邦德
SZ002084,海鸥住工
SZ000719,中原传媒
SZ002257,立立电子(IPO终止)
SZ002034,旺能环境
SZ002720,宏良股份(IPO终止)
SZ002525,胜景山河(IPO终止)
SZ300123,亚光科技
SH601228,广州港
SH603517,绝味食品
SH603730,岱美股份
SH601878,浙商证券
SHA16330,华达新材(IPO终止)
SH601326,秦港股份
SH603656,泰禾智能
SH603580,艾艾精工
SH603768,常青股份
SH603903,中持股份
SH603991,至正股份
SH601952,苏垦农发
SH603178,圣龙股份
SH603179,新泉股份
SH603133,碳元科技
SH603156,养元饮品
SH603955,大千生态
SH603578,三星新材
SH603630,拉芳家化
SH603238,诺邦股份
SH603337,杰克股份
SH603138,海量数据
SH603960,克来机电
SH603896,寿仙谷
SH603916,苏博特
SH603809,豪能股份
SH603683,晶华新材
SH603648,畅联股份
SH603329,上海雅仕
SH601838,成都银行
SH603089,正裕工业
SH603817,海峡环保
SH603615,茶花股份
SH601828,美凯龙
SZ300420,五洋停车
SZA21331,博菲电气
SZA21332,燕文物流
SZA21333,润贝航空
SZA21334,洲宇集团
SZA21335,龙江和牛
SZA21336,播恩集团
SZA21337,乔合里
SZA21338,辛帕智能
SZA21339,六淳科技
SZA21340,瑞晨环保
SZA21341,烨映微
SZA21342,宏裕包材
SZA21343,工大科雅
SZA21344,京浜光电
SZA21347,天安科技
SZA21348,爱联科技
SZA21345,英科新创
SZA21346,隆扬电子
SZA21349,磨铁集团
SZA21350,土巴兔
SHA21351,先正达
SZA21352,嘉好股份
SZA21353,珠城科技
SZA21354,亿道信息
SZA21355,三柏硕
SZA21356,魅视科技
SZA21357,海科新源
SZA21358,锡南科技
SZA21359,柏承科技
SZA21360,广立微
SZA21361,原力数字
SZA21362,溯联股份
SZA21364,通力科技
SZA21365,凯诘电商
SZA21366,唯都股份
SZA21367,联动科技
SZA21368,信音电子
SZA21369,睿智融科
SZA21370,中卫信
SZA21371,普爱医疗
SZA21372,通达海
SZA21373,沃文特
SZA21374,惠柏新材
SZA21375,慧博云通
SZA21376,丘钛微
SZA21377,欣灵电气
SZA21378,东星医疗
SZA21379,丰立智能
SZA21380,天振股份
SZA21381,三态股份
SZA21382,曼恩斯特
SZA21383,朗坤环境
SHA21392,拓荆科技
SZA21385,笛东设计
SZA21386,英华特
SZA21387,西测测试
SZA21388,美利信
SZA21389,嘉禾生物
SZA21390,鸿日达
SZA21391,国际复材
SHA21393,上海建科
SHA21394,鼎际得
SZA21395,格林循环
SZA21396,冰峰饮料
SZA21397,卡莱特
SZA21398,江顺科技
SHA21399,中国移动
SZA21400,光华股份
SZA21401,川宁生物
SHA21402,思尔芯
SZA21403,好上好
SHA21404,派格生物
SZA21405,逸豪新材
SZA21406,恒勃股份
SZA21407,敷尔佳
SZA21408,长江都市
SZA21409,佛水环保
SZA21410,百通能源
SZA21413,小影科技
SHA21411,诺诚健华
SZA21412,杰理科技
SHA21414,宁波远洋
SHA21415,联盛科技
SZA21416,普莱得
SZA21417,中科磁业
SHA21418,无人机
SH601868,中国能建
SHA21419,国博电子
SHA21420,海正生物
SZA21421,炜冈科技
SZA21422,亿钧耀能
SZA21423,欧克科技
SZA21424,创显科教
SHA21427,云中马
SHA21428,洪波股份
SHA21429,首创证券
SHA21425,合合信息
SHA21426,安芯电子
SZA21430,金源装备
SZA21431,护童科技
BJ830964,润农节水
SZA21433,中集天达
SZA21434,金杨股份
SZA21435,湖南裕能
SZA21436,乾元浩
BJ430489,佳先股份
BJ430510,丰光精密
BJ830799,艾融软件
BJ830832,齐鲁华信
BJ830839,万通液压
BJ830946,森萱医药
BJ831010,凯添燃气
BJ831039,国义招标
BJ831370,新安洁
BJ831445,龙竹科技
BJ831726,朱老六
BJ831768,拾比佰
BJ831856,浩淼科技
BJ831961,创远仪器
BJ832000,安徽凤凰
BJ832225,利通科技
BJ832317,观典防务
BJ832566,梓H宫
BJ832735,德源药业
BJ832885,星辰科技
BJ833266,生物谷
BJ833427,华维设计
BJ833509,同惠电子
BJ833523,德瑞锂电
BJ833819,颖泰生物
BJ833874,泰祥股份
BJ833994,翰博高新
BJ834021,流金岁月
BJ834415,恒拓开源
BJ834475,三友科技
BJ834599,同力股份
BJ834765,美之高
BJ835174,五新隧装
BJ835184,国源科技
BJ835185,贝特瑞
BJ835305,云创数据
BJ835368,连城数控
BJ835508,殷图网联
BJ835670,数字人
BJ836077,吉林碳谷
BJ836149,旭杰科技
BJ836239,长虹能源
BJ836263,中航泰达
BJ836433,大唐药业
BJ836675,秉扬科技
BJ836826,盖世食品
BJ837212,智新电子
BJ837242,建邦科技
BJ837344,三元基因
BJ838030,德众汽车
BJ838163,方大股份
BJ838275,驱动力
BJ839167,同享科技
BJ839729,永顺生物
BJ839946,华阳变速
BJ871396,常辅股份
BJ871553,凯腾精工
BJ871642,通易航天
BJ430090,同辉信息
BJ430198,微创光电
BJ430418,苏轴股份
BJ430047,诺思兰德
SZA21438,达科为
SZA21439,维嘉科技
SHA21437,赛特斯
SZA21440,信通电子
SZA21441,江河纸业
SZA21442,四川黄金
SZA21443,同圆集团
SZA21444,雨中情
SZA21445,中钛集团
SHA21446,新疆新华
SHA21447,江瀚新材
SHA21448,徐矿股份
SHA21449,菲沃泰
SHA21452,康为世纪
SZA21453,朗威股份
SZA21454,伟康医疗
SZA21455,智迪科技
SZA21456,万邦医药
SHA21457,云峰新材
SHA21458,德科立
SHA21459,德邦科技
SZA21460,百康光学
SZA21461,同星科技
SZA21462,玮硕恒基
SHA21463,恒烁股份
SZA21464,和泰机电
SHA21465,海特克动力
SHA21466,晶华微
BJ872925,锦好医疗
BJ836892,广咨国际
SZA21467,美硕科技
SZA21468,朝晖股份
SHA21469,金泉股份
SHA21470,彩蝶实业
SHA21471,山外山
SZA21472,通达创智
SHA21474,盟科药业
SHA21475,汇成股份
SZA21473,兢强科技
BJ831305,海希通讯
BJ838924,广脉科技
SHA21476,海光信息
BJ832089,禾昌聚合
SZA21477,翰博高新
SZA21478,泰祥股份
SZ001267,汇绿生态
SHA21479,观典防务
BJ831832,科达自控
BJ832145,恒合股份
BJ832171,志晟信息
BJ833454,同心传动
BJ833873,中设咨询
BJ836260,中寰股份
BJ836720,吉冈精密
BJ837092,汉鑫科技
BJ839680,广道高新
BJ870436,大地电气
BJ871981,晶赛科技
BJ835640,富士达
BJ832278,鹿得医疗
BJ834682,球冠电缆
SZA21480,兴欣新材
SZA21481,康力源
SHA21482,中海油
SZA21483,松川仪表
SHA21484,金橙子
SZA21030,朗夫科技
SHA21031,远峰科技(IPO终止)
SHA21032,中图科技
SH688255,凯尔达
SHA21033,三一重能
SZA21034,博盈特焊
SZA21035,酒仙网
SH688230,芯导科技
SH688190,云路股份
SHA21038,益方生物
SZA21039,八马茶业
SZA21040,美好医疗
SZA21041,卡恩文化(IPO终止)
SHA21042,万朗磁塑
SHA21043,华秦科技
SZA21044,聚胶股份
SHA21045,比依电器
SH601728,中国电信
SHA21047,必易微
SZA21048,博菱电器
SH688107,安路科技-U
SHA21050,吉凯基因(IPO终止)
SZA21051,智立方
SZA21052,清研环境
SZA21053,华人健康
SHA21054,兴通股份
SHA21055,中科蓝讯
SZA21056,美农生物
SHA21057,晶合集成
SZA21058,捷邦科技
SZA21059,科瑞思
SHA21060,高凌信息
SZA21061,恒安药业
SZA21062,日日顺
SHA21063,超卓航科
SHA21064,金徽矿业
SHA21065,宣泰医药
SHA21066,海创药业
SZA21067,大族数控
SH688285,高铁电气
SHA20680,中钢洛耐
SZA20681,恒兴科技(IPO终止)
SZA20682,三元生物
SZA20683,皓泽电子
SHA20684,春立医疗
SHA20685,广合科技(IPO终止)
SH688711,宏微科技
SHA20687,容汇锂业
SZA20688,呀诺达
SZA20692,恒伦医疗(IPO终止)
SZA20689,采纳股份
SZA20690,沃得农机
SZA20698,华鸿科技
SH601956,东贝集团
SHA20693,百子尖(IPO终止)
SH688105,诺唯赞
SHA20695,斯瑞新材
SZA20697,凡拓数创
SZA20699,华融化学
SH688212,澳华内镜
SHA20701,博蓝特(IPO终止)
SH688151,华强科技
SHA20703,衣拿智能(IPO终止)
SZA20704,菲鹏生物
SZA20705,万香科技
SZA20706,凌玮科技
SZA20707,维尼健康(IPO终止)
SZA20708,优学天下
SZA20709,载德科技(IPO终止)
SZA20710,智特奇
SZA20711,鑫远股份
SZA20712,纽泰格
SHA20713,陕西旅游
SZA20714,天沅环保
SZA20715,九洲恒昌
SZA21068,广浩捷
SZA21070,格力博
SZA21069,兴禾股份
SZA21072,天山电子
SZA21071,飞通科技(IPO终止)
SHA21073,希荻微
SZA21074,有屋智能
SZA21075,华达通
SHA21076,优迅科技
SZA21077,北方长龙
SZA21078,野风药业
SHA21079,亚虹医药
SZA21081,华塑科技
SZA21082,满坤科技
SZA21080,麦斯克
SHA21083,中天海缆(IPO终止)
SHA21084,思科瑞
SZA21085,联合精密
SHA21086,正大股份
SHA21088,万控智造
SHA21087,嘉华股份
SHA21089,纳芯微
SZA21090,绿通科技
SZA21091,英特科技
SHA21094,天岳先进
SZA21093,联合化学
SZA21092,安培龙
SZA21095,海昌华
SZA21096,龙腾照明
SZA21097,立新能源
SZA21098,鑫磊股份
SHA21099,五芳斋
SHA21100,坤恒顺维
SZA21101,致尚科技
SZA21102,明士达(IPO终止)
SZA21103,广康生化
SZA21104,江波龙
SZA20716,才府玻璃(IPO终止)
SH688162,巨一科技
SHA20718,中科仪(IPO终止)
SZA20725,伟邦科技
SZA20722,铭利达
SZA20724,千里马
SZA20720,华科仪
SZA20719,华泰永创
SZA20721,美的连
SZA20723,和烁丰(IPO终止)
SHA20726,泛海统联
SHA20727,益丰股份(IPO终止)
SHA20728,瑞博生物(IPO终止)
SZA20737,建科集团(IPO终止)
SZA20740,中科环保
SZA20731,瑞泰新材
SZA20734,华是科技
SZA20735,三问家居
SZA20729,大鹏工业(IPO终止)
SZA20738,金道科技
SZA20732,白马药业
SZA20733,金田新材(IPO终止)
SZA20730,哈焊华通
SZA20736,华鹏仪表(IPO终止)
SZA20739,腾亚精工
SZA20741,重数传媒
SZA20742,森鹰窗业
SHA20743,国芯科技
SH688187,时代电气
SH688737,中自科技
SH688049,炬芯科技
SHA20747,禾迈股份
SHA20748,易来智能(IPO终止)
SZA20760,华康世纪
SZA20757,中汽试验
SZA20759,木仓科技
SZA20754,翼辰实业
SHA21105,和元生物
SZA21106,正和科技
SZA21107,远超智慧
SZA21108,德明利
SHA21109,英集芯
SHA21110,南网科技
SZA21111,东南电子
SZA21112,豪江智能
SZA21113,南王科技
SHA21115,普源精电
SZA21114,中天智装
SZA21118,国缆检测
SZA21116,中泰设计
SZA21117,聚合科技
SZA21121,科隆新能
SZA21119,维峰电子
SZA21120,矩阵股份
SHA21122,中触媒
SHA21123,莱特光电
SHA21124,英诺特
SZA21128,森泰股份
SZA21125,丰盛光电
SZA21127,北路智控
SZA21126,瑞能股份
SHA21129,高凯技术
SHA21131,仁度生物
SZA21133,景创科技
SZA21132,昆船智能
SHA21130,东微半导
SHA21134,谷数科技
SZA21135,光大同创
SZA21136,贝隆精密
SZA21137,净诺科技
SZA21138,联特科技
SHA21139,浩瀚深度
SHA21140,荣昌生物
SZA20756,久策气体
SZA20755,世佳科技
SZA20750,三博脑科
SZA20752,骏成科技
SZA20751,一博科技
SZA20753,龙华薄膜
SZA20749,信德新材
SZA20758,坤隆股份(IPO终止)
SZA20761,石羊农科
SZA20762,江泰保险(IPO终止)
SZA20763,时代装饰
SHA20764,柔宇科技(IPO终止)
SH688697,纽威数控
SHA20766,国泰环保(IPO终止)
SHA20767,旭宇光电(IPO终止)
SHA20768,国光信息(IPO终止)
SHA20769,建材科技(IPO终止)
SHA20770,合富中国
SZA20776,怡和嘉业
SZA20771,光庭信息
SZA20773,唯万密封
SZA20778,纽克斯
SZA20774,海看股份
SZA20775,汉仪股份
SZA20772,宽创国际(IPO终止)
SZA20777,蓝色星际(IPO终止)
SZA20779,嘉曼服饰
SH688707,振华新材-U
SHA21001,环洋股份
SHA21002,禾赛科技(IPO终止)
SHA21003,鄂旅股份
SZA21004,金通高纤
SH600927,永安期货
SH603048,浙江黎明
SHA20782,汇通股份
SH688272,富吉瑞
SHA21141,唯捷创芯
SHA21178,长光华芯
SZA21143,多利科技(IPO终止)
SZA21144,劲旅环境
SZA21145,扬翔股份
SZA21152,数聚智连
SZA21153,无线传媒
SZA21151,万得凯
SHA21148,福特科
SHA21149,路维光电
SZA21150,华大九天
SHA21146,博隆技术
SHA21147,友升股份
SZA21154,阳光乳业
SHA21155,峰G科技
SHA21156,格灵深瞳
SHA21157,芯龙技术
SHA21158,征图新视
SZA21159,德尔玛
SZA21160,金东方
SZA21161,康冠科技
SZA21162,泰鹏环保
SZA21163,利仁科技
SZA21164,三赢兴
SHA21165,固力发
SHA21166,鹿山新材
SHA21167,得乐康
SHA21168,衣拉拉
SHA21169,阜康医疗
SZA21170,里得电科
SZA21171,豪鹏科技
SZA21172,宏英智能
SZA21173,慕思股份
SHA21174,联软科技
SHA21175,甬矽电子
SHA21176,凌云光
SZA21177,来邦科技(IPO终止)
SHA21179,中复神鹰
SH603219,富佳股份
SHA20785,信达证券
SHA21180,禾川科技
SZA21181,宏业基
SHA21182,亚科股份
SHA21183,博澳股份
SHA21190,龙腾股份
SZA21185,科拓股份
SZA21186,科源制药
SZA21187,德芯科技
SZA21188,舜禹水务
SZA21189,众智科技
SZA21184,华宝新能
SHA21191,和泽医药
SHA21192,概伦电子
SHA21193,屹唐股份
SHA21194,纳睿雷达
SHA21195,赛微微
SHA21196,菲仕技术
SHA21197,中微半导
SZA21198,鸿铭股份
SZA21199,深圳垒石
SZA21200,君逸数码
SZA21201,建科股份
SZA21202,展新股份
SZA21203,文华财经
SZA21204,华阳新材
SZA21205,优路教育
SZA21206,永顺泰
SZA21207,中健康桥
SZA21208,楚环科技
SZA21209,拓山重工
SZA21210,好顺科技
SZA21211,源飞宠物
SZA21212,大牧人股份
SZA21213,泛亚卫浴
SZA21214,农心科技
SHA21228,上房服务
SHA21225,盛时股份
SHA21220,美腾科技
SHA21231,福斯达
SHA21215,麦澜德
SHA21221,阿特斯
SHA21232,金海通
SHA21216,华勤技术
SHA21222,龙芯中科
SHA21229,大洋世家
SHA21233,福贝宠物
SHA21217,用友汽车
SHA21234,亿力机电
SHA21236,思特威
SHA21226,江苏华辰
SHA21218,商米科技
SHA21223,九州一轨
SHA21230,艾郎科技
SHA21235,天擎天拓(IPO终止)
SHA21219,晶科能源
SHA21224,隆达股份
SHA21227,联翔股份
SZA21237,谷实生物
SZA21238,新天地
SZA21239,宏景科技
SZA21240,津同仁
SZA21241,新莱福
SZA21242,真兰仪表
SZA21243,威士顿
SZA21244,亚华电子
SZA21245,达利凯普
SHA21246,熵能新材(IPO终止)
SHA21247,奥比中光
SHA21248,天德钰
SHA21249,奉天电子
SHA21250,井松智能
SHA21251,臻镭科技
SHA21252,雅达电子
SHA21253,丛麟环保
SHA21254,昱能科技
SHA21255,敏实集团
SHA21256,安达智能
SHA21257,经纬恒润
SHA21258,聚和股份
SZA21259,新秀新材
SZA21260,电子网
SZA21261,鼎泰高科
SZA21262,航天恒丰
SZA21263,生泰尔
SZA21264,艺虹股份
SZA21265,昱琛航空
SZA21266,富乐德
SZA21267,致欧科技
SHA21280,索元生物
SHA21279,思林杰
SHA21270,好达电子
SHA21271,大汉软件
SHA21272,铭赛科技(IPO终止)
SHA21269,华盛锂电
SHA21275,科捷智能
SHA21276,大医集团
SHA21268,盛景微
SHA21273,景业智能
SHA21277,电生理
SHA21278,集萃药康
SHA21274,永信至诚
SZA21289,盘古智能
SZA21281,宝宝巴士
SZA21282,荣旗科技
SZA21283,威力传动
SZA21284,欧冶云商
SZA21285,快可电子
SZA21286,美智光电
SZA21287,兆驰光元
SZA21288,比亚迪半导体
SZA21290,醉清风(IPO终止)
SZA20602,冠龙股份
SZA16312,宏源药业
SZA21291,豪恩汽电
SZA21292,开创电气
SZA21293,世窗信息
SZA21294,思泉新材
SZA21295,联智科技
SZA21296,莱恩精工
SZA21297,胜利监理
SZA21298,博大科工
SHA21299,宝立食品
SHA21300,紫燕食品
SHA21301,书香门地
SHA21302,福元医药
SHA21303,荣大科技
SHA21304,嘉环科技
SHA21305,圣晖集成
SHA21306,大庄园集团
SHA21307,邦基科技
SHA21308,常润股份
SHA21309,晋拓科技
SHA21310,冠联新材
SHA21311,联合水务
SHA21312,天新药业
SHA21313,来金股份
SHA21314,智同生物
SHA21315,亚通股份
SHA21316,望变电气
SHA21317,青松医药
SHA21318,青蛙泵业
SZA16182,正特股份
SZA21319,尚太科技
SZA21320,热像科技
SZA21321,铭科精技
SZA21322,朗斯家居
SZA21323,箭牌家居
SZA21324,湖山股份
SZA21325,铖昌科技
SZA21326,胜通能源
SZA21327,众幸股份
SZA21328,坤泰股份
SZA21329,智微智能
SZA21330,宏石激光
SH600432,退市吉恩(退市)
SZ300664,鹏鹞环保
SH600939,重庆建工
SZ002882,金龙羽
SZ300624,万兴科技
SH603105,芯能科技
SZ002931,锋龙股份
SZ300644,南京聚隆
SZ002897,意华股份
SZ300673,佩蒂股份
SZ002901,大博医疗
SZ002895,川恒股份
SZ300691,联合光电
SZ300677,英科医疗
SZ300688,创业黑马
SZ002932,明德生物
SZ300712,永福股份
SZ002891,中宠股份
SH603380,易德龙
SZ002898,赛隆药业
SZ300681,英搏尔
SZ300693,盛弘股份
SZ300706,阿石创
SZ300740,水羊股份
SZ300745,欣锐科技
SZ300725,药石科技
SZ300737,科顺股份
SZ002928,华夏航空
SZ300909,汇创达
SZA20655,宏基股份(IPO终止)
SHA20654,物产环能
SHA20236,创尔生物
SH688700,东威科技
SH688201,信安世纪
SZ002929,润建股份
SZ002921,联诚精密
SZ002903,宇环数控
SZ300723,一品红
SZ300689,澄天伟业
SZ002918,蒙娜丽莎
SZ300702,天宇股份
SH603676,卫信康
SZ300729,乐歌股份
SZ300679,电连技术
SZ002920,德赛西威
SZ002892,科力尔
SZ300687,赛意信息
SZ300683,海特生物
SZ002922,伊戈尔
SZ300707,威唐工业
SZ300726,宏达电子
SZ300705,九典制药
SZ002925,盈趣科技
SZ300719,安达维尔
SZ002915,中欣氟材
SH603080,新疆火炬
SH603713,密尔克卫
SH601869,长飞光纤
SZ002927,泰永长征
SH603706,东方环宇
SZ300739,明阳电路
SZ300675,建科院
SZ300741,华宝股份
SZ300747,锐科激光
SZA20427,东利机械
SZA20429,澳华集团(IPO终止)
SH688521,芯原股份-U
SZA20061,易点天下
SZ300958,建工修复
SZA20064,挖金客
SZA20065,光祥科技(IPO终止)
SHA20106,中国航油
SZ003040,楚天龙
SH688788,科思科技
SHA20211,亿腾景昂(IPO终止)
SH688112,鼎阳科技
SH688121,卓然股份
SHA21007,百济神州
SHA21008,海和药物(IPO终止)
SZA21009,瑜欣电子
SZA21010,洋紫荆
SH603230,内蒙新华
SHA21012,炬光科技
SHA21013,中化能源
SHA21014,中淳高科
SZA21015,软通动力
SZA21016,唯特偶
SHA21017,重塑股份(IPO终止)
SZA21018,远翔新材
SZA21019,华南装饰
SZA21020,和宏股份
SZA21021,泓博医药
SHA21022,迪哲医药
SHA21023,天地环保(IPO终止)
SZA21024,东田微
SHA21025,亚信安全
SHA21028,首药控股
SZA21027,维海德
SZA21029,钟恒新材(IPO终止)
SZ300862,蓝盾光电
SZA19118,汉迪移动
SH688399,硕世生物
SHA19143,连山科技(IPO终止)
SH688336,三生国健
SHA19440,微创网络(IPO终止)
SH688558,国盛智科
SH688050,爱博医疗
SH688065,凯赛生物
SZ300925,法本信息
SH605016,百龙创园
SZ300887,谱尼测试
SZ300920,润阳科技
SH688155,先惠技术
SH688577,浙海德曼
SH688390,固德威
SH688556,高测股份
SHA19479,赛赫智能(IPO终止)
SH688338,赛科希德
SH688585,上纬新材
SH605080,浙江自然
SZA17348,一力制药
SZ001201,东瑞股份
SZ301046,能辉科技
SHA17362,恒威电池(IPO终止)
SHA17298,前程股份(IPO终止)
SZ300845,捷安高科
SHA17306,外事旅游(IPO终止)
SZA17295,肯特股份(IPO终止)
SHA17286,中艺股份(IPO终止)
SZ300782,卓胜微
SZA18005,嘉曼服饰(IPO终止)
SHA18006,药都农商行
SZA18007,华清飞扬(IPO终止)
SZ300272,开能健康
SH605218,伟时电子
SH605369,拱东医疗
SH605199,葫芦娃
SZA19222,南海农商银行
SH605123,派克新材
SH605399,晨光新材
SZA19224,点众科技
SZ003031,中瓷电子
SZA19414,新视云
SH688312,燕麦科技
SH605300,佳禾食品
SH603171,税友股份
SH688309,恒誉环保
SH688286,敏芯股份
SH688356,键凯科技
SZA19439,卓创资讯
SZ300921,南凌科技
SH688569,铁科轨道
SZ300953,震裕科技
SZ300903,科翔股份
SHA19472,康鹏科技(IPO终止)
SH688600,皖仪科技
SH688311,盟升电子
SHA20005,湖州银行
SH688550,瑞联新材
SH688330,宏力达
SH688095,福昕软件
SHA20047,安杰思(IPO终止)
SH688529,豪森股份
SZ301025,读客文化
SZA19348,溜溜果园(IPO终止)
SZ003015,日久光电
SZA19356,网进科技(IPO终止)
SZ300930,屹通新材
SH605298,必得科技
SZA20032,武侯高新(IPO终止)
SZA20034,安凯特(IPO终止)
SH600905,三峡能源
SZ300946,恒而达
SH600935,华塑股份
SHA20049,汉弘集团(IPO终止)
SHA20072,尚沃医疗(IPO终止)
SH688557,兰剑智能
SZ300951,博硕科技
SH605189,富春染织
SZ300997,欢乐家
SH605499,东鹏饮料
SZ300956,英力股份
SZ300993,玉马遮阳
SH688676,金盘科技
SH688079,美迪凯
SH688680,海优新材
SH688679,通源环境
SH601995,中金公司
SH688733,壹石通
SH688260,昀冢科技
SH688226,威腾电气
SH688565,力源科技
SH688662,富信科技
SHA20169,中数智汇
SHA20170,秋乐种业(IPO终止)
SH688161,威高骨科
SZ301047,义翘神州
SZA20507,新巨丰
SHA20569,华海清科
SZA20586,欣巴科技
SZA20592,百金股份(IPO终止)
SHA20664,理工导航
SZA20666,晶奇网络
SZA20667,飞南资源
SZ300819,聚杰微纤
SH688682,霍莱沃
SHA20243,蓝箭电子(IPO终止)
SHA20491,森泰股份(IPO终止)
SHA20180,泽生科技(IPO终止)
SH688076,诺泰生物
SZA18140,东莞银行
SZ003008,开普检测
SZ300843,胜蓝股份
SZA19013,广州农商银行(IPO终止)
SH688621,阳光诺和
SH688012,中微公司
SH688108,赛诺医疗
SH688019,安集科技
SH688011,新光光电
SH688039,当虹科技
SH688568,中科星图
SH688015,交控科技
SH688008,澜起科技
SH688036,传音控股
SHA19052,博众精工(IPO终止)
SH688158,优刻得-W
SHA19040,贝斯达(IPO终止)
SH688168,安博通
SH688333,铂力特
SH688068,热景生物
SH688022,瀚川智能
SH688100,威胜信息
SZ002986,宇新股份
SZ300846,首都在线
SH605008,长鸿高科
SH603095,越剑智能
SH603565,中谷物流
SHA20481,天和磁材
SHA19121,博拉网络(IPO终止)
SZ002959,小熊电器
SZ002984,森麒麟
SHA18012,车头制药(IPO终止)
SZA18013,警翼智能(IPO终止)
SZ300792,壹网壹创
SZ002962,五方光电
SZA18016,马鞍山农商银行
SZ002453,华软科技
SZ002387,维信诺
SH600227,圣济堂
SH600960,渤海汽车
SH603587,地素时尚
SZ002316,亚联发展
SH600399,抚顺特钢
SH600610,中毅达
SZ000809,铁岭新城
SZ001914,招商积余
SZ000048,京基智农
SZ000409,云鼎科技
SZ000953,河化股份
SZ002313,日海智能
SZ300149,睿智医药
SZ000793,华闻集团
SZ000939,凯迪退(退市)
SZA20492,泰禾股份
SH688728,格科微
SZ300844,山水比德
SZ301065,本立科技
SZA20338,上特展示(IPO终止)
SZA20340,咏声动漫(IPO终止)
SZ301070,开勒股份
SZA20344,三羊马(IPO终止)
SZ301040,中环海陆
SZ301003,江苏博云
SZ301061,匠心家居
SZ300808,久量股份
SH603489,八方股份
SH603950,长源东谷
SH603815,交建股份
SZ300793,佳禾智能
SZ003816,中国广核
SHA18034,中国稀土(IPO终止)
SH603053,成都燃气
SZA18036,铁将军(IPO终止)
SZ300805,电声股份
SZA18038,中荣股份
SHA18039,景兴健护(IPO终止)
SZ002963,豪尔赛
SZ002973,侨银股份
SZ300860,锋尚文化
SZ300797,钢研纳克
SZA18024,麒麟网络(IPO终止)
SHA18025,海安农商银行
SH603551,奥普家居
SZ002955,鸿合科技
SH603995,甬金股份
SH601963,重庆银行
SZ300796,贝斯美
SZ002529,海源复材
SZ002647,仁东控股
SZ301037,保立佳
SZA20288,仙迪股份(IPO终止)
SZ300985,致远新能
SZA20302,立功科技(IPO终止)
SH688601,力芯微
SZA20408,金照明
SZA20405,神导科技(IPO终止)
SZA20407,华缘新材(IPO终止)
SZA20406,明月镜片
SZ300980,祥源新材
SZ301062,上海艾录
SHA17122,叁益科技(IPO终止)
SH688029,南微医学
SH688159,有方科技
SZA17134,安泰股份(IPO终止)
SHA17216,泛沃股份(IPO终止)
SZA17218,同信通信(IPO终止)
SZA17177,科佳股份(IPO终止)
SZA17178,开心麻花(IPO终止)
SH603876,鼎胜新材
SH603301,振德医疗
SH603773,沃格光电
SZ300962,中金辐照
SZA17054,无端科技(IPO终止)
SHA17043,杰理科技(IPO终止)
SZA17032,博睿数据(IPO终止)
SH600408,ST安泰
SH600608,ST沪科
SZ002571,德力股份
SZA16272,航天模塑(IPO终止)
SZ300791,仙乐健康
SH603577,汇金通
SH603990,麦迪科技
SH603336,宏辉果蔬
SH603660,苏州科达
SH601500,通用股份
SZ300913,兆龙互连
SZ003039,顺控发展
SZ300884,狄耐克
SH688598,金博股份
SH688157,松井股份
SHA20120,芯愿景(IPO终止)
SH688686,奥普特
SHA20122,慧捷科技(IPO终止)
SHA20518,华之杰
SH603086,先达股份
SH603677,奇精机械
SH603177,德创环保
SH603538,美诺华
SH603383,顶点软件
SH603966,法兰泰克
SH603388,元成股份
SH603037,凯众股份
SH603039,泛微网络
SH603811,诚意药业
SH600844,丹化科技
SH600871,石化油服
SH601005,重庆钢铁
SZ000613,*ST东海A
SZ000932,华菱钢铁
SZ000505,京粮控股
SH603797,联泰环保
SH603668,天马科技
SH603505,金石资源
SH603035,常熟汽饰
SH603689,皖天然气
SZ300344,立方数科
SH601366,利群股份
SH603367,辰欣药业
SHA20207,微导纳米(IPO终止)
SH688787,海天瑞声
SH688501,青达环保
SHA20210,微众信科(IPO终止)
SZA20402,民爆光电(IPO终止)
SHA19254,润弘制药(IPO终止)
SZ002996,顺博合金
SZ300902,国安达
SZ300882,万胜智能
SH605268,王力安防
SZ301198,喜悦智行
SZ301004,嘉益股份
SZ301059,金三江
SZ301099,雅创电子
SZ300969,恒帅股份
SZ300957,贝泰妮
SZ301066,万事利
SZ301027,华蓝集团
SZA20310,前进科技(IPO终止)
SZ301013,利和兴
SZ300979,华利集团
SZA20308,徐辉设计(IPO终止)
SZ301093,华兰股份
SZ300990,同飞股份
SZ301077,星华反光
SZ300976,达瑞电子
SZA20316,晶导微
SZ300989,蕾奥规划
SZ301043,绿岛风
SHA20391,新朝阳(IPO终止)
SZ301087,可孚医疗
SZA20436,美柚股份(IPO终止)
SZA20438,德盛利(IPO终止)
SZA20437,益中亘泰
SZ301090,华润材料
SZA20440,时代凌宇(IPO终止)
SZA20441,超达装备
SZA19208,兴欣新材(IPO终止)
SZA20442,华厦眼科
SZ301111,粤万年青
SZA20451,斯瑞尔(IPO终止)
SZA20460,思普润
SZA20448,天好信息(IPO终止)
SZ301079,邵阳液压
SZ301088,戎美股份
SZA20456,思柏精密(IPO终止)
SZ301032,新柴股份
SZ000818,航锦科技
SH600223,鲁商发展
SZ300746,汉嘉设计
SZ002906,华阳集团
SZ000511,烯碳退(退市)
SZ300678,中科信息
SZ002913,奥士康
SZ002909,集泰股份
SH603286,日盈电子
SZ300703,创源股份
SZ300680,隆盛科技
SZ002887,绿茵生态
SH603933,睿能科技
SZ300690,双一科技
SZ002926,华西证券
SZ002298,中电兴发
SH600398,海澜之家
SZ300715,凯伦股份
SZ300676,华大基因
SH603226,菲林格尔
SZ300685,艾德生物
SZA20468,美庐生物
SZA19482,浩明科技(IPO终止)
SZ300895,铜牛信息
SZ300916,朗特智能
SZ003037,三和管桩
SH605028,世茂能源
SZ300948,冠中生态
SZA19488,金张科技(IPO终止)
SZ300998,宁波方正
SHA19085,泰坦科技(IPO终止)
SH688185,康希诺-U
SZ300947,德必集团
SZ300968,格林精密
SHA20375,天科合达(IPO终止)
SH688071,华依科技
SZ301012,扬电科技
SZA20382,天元宠物
SZA20388,大汉科技(IPO终止)
SZ301133,金钟股份
SZ301128,强瑞技术
SZ301008,宏昌科技
SZA20392,西点药业
SZA20394,鑫甬生物
SZ301056,森赫股份
SZ301041,金百泽
SZ301119,正强股份
SH688087,英科再生
SZA20417,优宁维
SZ301083,百胜智能
SZ301050,雷电微力
SZA19041,木瓜移动(IPO终止)
SH688097,博众精工
SH688538,和辉光电-U
SH688303,大全能源
SHA20490,京东数科(IPO终止)
SH688718,唯赛勃
SHA20524,芬尼科技(IPO终止)
SHA20525,中研股份(IPO终止)
SH688798,艾为电子
SH688385,复旦微电
SZA20529,恩威医药
SZA20530,翔楼新材
SZA20531,世纪恒通
SZA20532,九州风神
SZA20533,中消云(IPO终止)
SZ301075,多瑞医药
SZA20535,观想科技
SZ300722,新余国科
SZ002890,弘宇股份
SZA20431,风光新材
SZA20433,江铃改装(IPO终止)
SZA20432,信邦智能
SZA20428,何氏眼科
SHA20614,博创智能(IPO终止)
SZA20618,唯科模塑
SZA20619,国能日新
SZA20620,通行宝
SZA20625,佳缘科技
SZA20628,珠海鸿瑞
SZA20629,润科生物(IPO终止)
SZA20630,凤凰画材(IPO终止)
SZA20631,铜冠铜箔
SZA20632,奥尼电子
SH688553,汇宇制药-W
SHA20642,正济药业(IPO终止)
SH605567,春雪食品
SZ001965,招商公路
SZ300750,宁德时代
SH605368,蓝天燃气
SZ300806,斯迪克
SHA14144,佳化化学(IPO终止)
SZA16170,国安达(IPO终止)
SZA17236,金春股份(IPO终止)
SZA17203,凯金能源(IPO终止)
SZA17149,微创光电(IPO终止)
SHA17139,申昊科技(IPO终止)
SZA17347,华如科技
SZA17386,新宇药业(IPO终止)
SZA17310,菲菱科思
SHA17301,晶丰明源(IPO终止)
SZA18057,华奥汽车(IPO终止)
SH603610,麒盛科技
SH601615,明阳智能
SHA19122,白山科技(IPO终止)
SH688021,奥福环保
SH688089,嘉必优
SH688181,八亿时空
SH688128,中国电研
SH688599,天合光能
SH688466,金科环境
SH688365,光云科技
SZ003002,壶化股份
SZ300908,仲景食品
SZ300927,江天化学
SH605133,嵘泰股份
SHA19249,百合股份
SZ300922,天秦装备
SH605177,东亚药业
SZA19246,亚香股份
SZ300952,恒辉安防
SZA19248,世宇科技(IPO终止)
SZ003000,劲仔食品
SZ300864,南大环境
SH605255,天普股份
SZA19250,迈赫股份
SH688001,华兴源创
SH688318,财富趋势
SH603324,盛剑环境
SZ300986,志特新材
SH688313,仕佳光子
SH688777,中控技术
SH688017,绿的谐波
SH688133,泰坦科技
SH688328,深科达
SH688219,会通股份
SH688092,爱科科技
SH688677,海泰新光
SH688668,鼎通科技
SZA19367,大成科创(IPO终止)
SZ300907,康平科技
SH605005,合兴股份
SZ003029,吉大正元
SZA19353,红星美羚
SHA19364,九恒条码(IPO终止)
SH688257,新锐股份
SZA19380,万代股份(IPO终止)
SZ300923,研奥股份
SZ301010,晶雪节能
SZ300942,易瑞生物
SZA19374,威迈斯(IPO终止)
SZA19379,德斯泰(IPO终止)
SZ003017,大洋生物
SH605277,新亚电子
SH605378,野马电池
SZA19361,中瑞电子(IPO终止)
SH603931,格林达
SZ300905,宝丽迪
SZ301068,大地海洋
SHA19369,立航科技
SH605058,澳弘电子
SHA19322,城建设计(IPO终止)
SH605155,西大门
SH605011,杭州热电
SZA19332,星诺奇
SHA19342,垦丰种业(IPO终止)
SZ300932,三友联众
SZ300614,百川畅银
SH605258,协和电子
SH605117,德业股份
SH605060,联德股份
SZ300872,天阳科技
SZ301006,迈拓股份
SH603871,嘉友国际
SH603937,丽岛新材
SZA19328,晶华光电(IPO终止)
SH600916,中国黄金
SZ301021,英诺激光
SH601686,友发集团
SZA19339,多想互动(IPO终止)
SH601658,邮储银行
SZ300926,博俊科技
SH603155,新亚强
SH605069,正和生态
SH605068,明新旭腾
SH688329,艾隆科技
SH688699,明微电子
SH688179,阿拉丁
SHA20101,鸿铭股份(IPO终止)
SH688561,奇安信-U
SHA20109,健耕医药(IPO终止)
SH688191,智洋创新
SH688136,科兴制药
SHA20508,美埃科技
SHA20509,金智教育
SH688051,佳华科技
SHA19146,赛伦生物
SH688298,东方生物
SH688555,泽达易盛
SZ300939,秋田微
SHA19410,傲基科技(IPO终止)
SHA19445,精英数智(IPO终止)
SH688379,华光新材
SHA19462,天罡股份(IPO终止)
SH688580,伟思医疗
SHA19464,晶科电子(IPO终止)
SZA19465,鸿禧能源(IPO终止)
SZA19466,速达股份(IPO终止)
SZ300950,德固特
SZ300977,深圳瑞捷
SHA20519,天广实(IPO终止)
SZA20520,中远通
SHA20521,联动科技(IPO终止)
SZA20522,东和新材
SZA20523,天威新材
SZA20571,泽宇智能
SHA20659,翱捷科技
SHA20661,德威华泰(IPO终止)
SZA20266,澜沧古茶(IPO终止)
SZA20283,丁点儿股份(IPO终止)
SZA20093,善水科技
SZA20094,凯旺科技
SZ300966,共同药业
SZ300919,中伟股份
SZ301000,肇民科技
SZ300955,嘉亨家化
SZ300975,商络电子
SZ300973,立高食品
SH603667,五洲新春
SH603036,如通股份
SH603886,元祖股份
SH603977,国泰集团
SH603031,安德利
SH603159,上海亚虹
SH600540,新赛股份
SH603897,长城科技
SZ002049,紫光国微
SZ000707,*ST双环
SH600193,创兴资源
SH600425,青松建化
SZ002427,ST尤夫
SH600751,海航科技
SZ000526,学大教育
SH601106,中国一重
SZ002604,龙力退(退市)
SZ301019,宁波色母
SZ301067,显盈科技
SZ301082,久盛电气
SZA20346,趣睡科技
SZ301055,张小泉
SZA20194,中孚泰(IPO终止)
SH605365,立达信
SZ001215,千味央厨
SHA20199,标榜股份(IPO终止)
SHA20201,博泰家具(IPO终止)
SH605488,福莱新材
SZ001207,联科科技
SZA20197,港创建材
SH605167,利柏特
SHA20203,海普润(IPO终止)
SH601921,浙版传媒
SZ001202,炬申股份
SHA20206,男切虏
SHA20611,丹娜生物(IPO终止)
SZ300120,经纬辉开
SH601330,绿色动力
SH600696,岩石股份
SZ300527,中船应急
SH603368,柳药股份
SH603013,亚普股份
SZ300559,佳发教育
SH603348,文灿股份
SH603666,亿嘉和
SH603733,仙鹤股份
SH601990,南京证券
SH603486,科沃斯
SH603045,福达合金
SH603259,药明康德
SH601066,中信建投
SH601138,工业富联
SH603217,元利科技
SZA20404,千禧龙纤(IPO终止)
SH688314,康拓医疗
SH688345,博力威
SH600387,ST海越
SZ000629,攀钢钒钛
SZ000950,重药控股
SZ000688,国城矿业
SZ300413,芒果超媒
SZ002496,ST辉丰
SZ002520,日发精机
SZ300028,金亚退(退市)
SH603339,四方科技
SH603188,亚邦股份
SZ300510,金冠股份
SH603758,秦安股份
SH603801,志邦家居
SZ300454,深信服
SHA16061,威海市商业银行(IPO终止)
SZA15210,友缘股份(IPO终止)
SZ002965,祥鑫科技
SHA17047,康基医疗(IPO终止)
SZA17238,大可股份(IPO终止)
SZA17195,亿童文教(IPO终止)
SZA17250,瑞华股份(IPO终止)
SZ301076,新瀚新材
SHA17361,赛克思
SZA17391,安达科技(IPO终止)
SZA17307,伟康医疗(IPO终止)
SHA17283,华朔股份(IPO终止)
SHA17271,金房暖通(IPO终止)
SH688006,杭可科技
SZA18060,天彦通信(IPO终止)
SZ002247,聚力文化
SZ002259,ST升达
SZ301045,天禄科技
SZA20010,驰田股份(IPO终止)
SH688301,奕瑞科技
SZA17399,宝兰德(IPO终止)
SH688386,泛亚微透
SH688093,世华科技
SH688383,新益昌
SH688551,科威尔
SHA20035,艾索信息(IPO终止)
SH688316,青云科技-U
SH688083,中望软件
SH688129,东来技术
SH688659,元琛科技
SZA20043,沃福百瑞
SH605296,神农集团
SH688536,思瑞浦
SH688070,纵横股份
SH688160,步科股份
SH688607,康众医疗
SH688630,芯微装
SH688619,罗普特
SH688678,福立旺
SZ003038,鑫铂股份
SZ001206,依依股份
SH605056,咸亨国际
SH605507,国邦医药
SHA20128,国台酒业(IPO终止)
SH600908,无锡银行
SZ002893,华通热力
SZ002900,哈三联
SZ300701,森霸传感
SZ300708,聚灿光电
SZ002877,智能自控
SZ300699,光威复材
SZ300695,兆丰股份
SZ300700,岱勒新材
SZ003005,竞业达
SH605337,李子园
SH605338,巴比食品
SZ300900,广联航空
SH605336,帅丰电器
SH605077,华康股份
SZ300933,中辰股份
SH605122,四方新材
SH688004,博汇科技
SZ003023,彩虹集团
SZA19266,双鲸药业(IPO终止)
SH605081,太和水
SZ300941,创识科技
SZ300982,苏文电能
SHA19285,苍穹数码(IPO终止)
SH605007,五洲特纸
SH603112,华翔股份
SH688606,奥泰生物
SZ300891,惠云钛业
SH605179,一鸣食品
SZ003026,中晶科技
SH605055,迎丰股份
SZ003028,振邦智能
SZ301051,信濠光电
SZ003007,直真科技
SH688408,中信博
SZ300881,盛德鑫泰
SH601568,北元集团
SZA19296,绿巨人(IPO终止)
SZ300879,大叶股份
SZ300876,蒙泰高新
SZ003011,海象新材
SZA19264,五一管业(IPO终止)
SHA19272,可川科技
SHA20251,东软医疗(IPO终止)
SZA20445,华研精机
SZA20459,永泰运
SZA20454,华智股份(IPO终止)
SZA20457,普瑞眼科
SZ301039,中集车辆
SZA20444,鸿基节能(IPO终止)
SZ301178,C天亿马
SZ301091,深城交
SZA20452,德宝股份(IPO终止)
SZ301180,C万祥
SZ300994,久祺股份
SHA20464,茂莱光学(IPO终止)
SZ301092,争光股份
SHA20482,天士生物(IPO终止)
SHA20483,嘉和美康
SHA20495,均普智能
SZA20500,聚赛龙
SZA20501,铁拓机械(IPO终止)
SZA20502,新荷花(IPO终止)
SZA20570,建研设计
SHA19194,华夏天信(IPO终止)
SH688499,利元亨
SZA20506,奥扬科技
SZ300893,松原股份
SZA20526,想念食品(IPO终止)
SH603213,镇洋发展
SZA20548,梦金园
SZ301048,金鹰重工
SH688722,同益中
SH688767,博拓生物
SZA20558,迪阿股份
SZA20559,恒威电池
SZA20560,元道通信
SH688511,天微电子
SH688776,国光电气
SH603650,彤程新材
SH688665,四方光电
SZ300822,贝仕达克
SZ002979,雷赛智能
SHA20178,万佳安(IPO终止)
SH688533,上声电子
SHA20575,龙迅股份(IPO终止)
SH688670,金迪克
SH688010,福光股份
SH688288,鸿泉物联
SHA19147,先临三维(IPO终止)
SH605136,丽人丽妆
SH605178,时空科技
SH605006,山东玻纤
SZ003016,欣贺股份
SZ300853,申昊科技
SZ002998,优彩资源
SH605118,力鼎光电
SZ300910,瑞丰新材
SZ300863,卡倍亿
SZA19170,金源照明(IPO终止)
SZ300856,科思股份
SZA19154,新中冠(IPO终止)
SZ002990,盛视科技
SZ300855,图南股份
SZ300866,安克创新
SZ300852,四会富仕
SZA19169,周六福(IPO终止)
SZ003032,传智教育
SZ300871,回盛生物
SH605099,共创草坪
SZ003027,同兴环保
SZA19159,城市纵横(IPO终止)
SZA19164,豪恩声学(IPO终止)
SZ301073,君亭酒店
SZ300721,怡达股份
SZ300732,设研院
SZ300735,光弘科技
SZ002916,深南电路
SZ300733,西菱动力
SZ300634,彩讯股份
SZ002930,宏川智慧
SZ002907,华森制药
SZ300727,润禾材料
SZ300742,越博动力
SZ002917,金奥博
SZ300731,科创新源
SZ002864,盘龙药业
SZ300718,长盛轴承
SZ300738,奥飞数据
SZ300711,广哈通信
SZ300692,中环环保
SZ300713,英可瑞
SZ300743,天地数码
SZ300717,华信新材
SZ300697,电工合金
SZ002919,名臣健康
SZ300696,爱乐达
SZ300698,万马科技
SZ300720,海川智能
SZ300654,世纪天鸿
SZ300709,精研科技
SZ002908,德生科技
SZ002912,中新赛克
SZ300730,科创信息
SZ300716,国立科技
SZA20425,宏宇五洲
SZA20421,五株科技(IPO终止)
SH603693,江苏新能
SH600654,ST中安
SH600602,云赛智联
SH600729,重庆百货
SZ000591,太阳能
SZ000652,泰达股份
SZ000517,荣安地产
SZ000670,*ST盈方
SZ000639,西王食品
SZ300801,泰和科技
SZ301020,密封科技
SZ002172,澳洋健康
SZA18062,中星技术(IPO终止)
SZ002207,准油股份
SZA17326,宇驰检测(IPO终止)
SZ300022,吉峰科技
SZ300736,百邦科技
SZ300263,隆华科技
SZ300809,华辰装备
SZ300936,中英科技
SZ000885,城发环境
SZA17103,恒强科技(IPO终止)
SZ002888,惠威科技
SZ300646,侨源气体
SH601609,金田铜业
SZA18065,粤运交通(IPO终止)
SZ002971,和远气体
SZ002970,锐明技术
SH600733,北汽蓝谷
SZ000301,东方盛虹
SH601162,天风证券
SH601068,中铝国际
SZ002935,天奥电子
SHA19470,林华医疗(IPO终止)
SH600906,财达证券
SZ002552,宝鼎科技
SZ300242,佳云科技
SH600057,厦门象屿
SH600112,*ST天成
SH600634,退市富控(退市)
SZ300282,三盛教育
SH601519,大智慧
SZ300176,派生科技
SH600701,退市工新(退市)
SH600749,西藏旅游
SH600275,*ST昌鱼
SH600807,济南高新
SH600817,宇通重工
SH600149,廊坊发展
SH600636,国新文化
SH600225,*ST松江
SH600238,海南椰岛
SH688359,三孚新科
SH688688,蚂蚁集团
SH688276,百克生物
SZA20476,嘉戎技术
SH605577,龙版传媒
SZA20612,恒茂高科
SH605033,美邦股份
SZ002122,ST天马
SZ000780,ST平能
SZ002188,*ST巴士
SZ002260,*ST德奥
SZ002263,大东南
SZ000503,国新健康
SZ000995,皇台酒业
SZ002018,华信退(退市)
SZ000560,我爱我家
SZ002312,川发龙蟒
SH603655,朗博科技
SH603466,风语筑
SH603506,南都物业
SH603829,洛凯股份
SH600903,贵州燃气
SH603278,大业股份
SH603103,横店影视
SH603917,合力科技
SH603507,振江股份
SH603277,银都股份
SH603709,中源家居
SH603659,璞泰来
SH603283,赛腾股份
SH603429,集友股份
SH600025,华能水电
SH603533,掌阅科技
SH603912,佳力图
SH603895,天永智能
SH603661,恒林股份
SH603356,华菱精工
SH603499,翔港科技
SH603083,剑桥科技
SH603076,乐惠国际
SH603557,ST起步
SH603321,梅轮电梯
SH603386,广东骏亚
SH603605,珀莱雅
SH603181,皇马科技
SH603363,傲农生物
SH600933,爱柯迪
SH603685,晨丰科技
SH603607,京华激光
SZ002185,华天科技
SH600321,正源股份
SZ002989,中天精装
SH688215,瑞晟智能
SH688335,复洁环保
SHA20007,仁会生物(IPO终止)
SH688289,圣湘生物
SHA20024,奥雷德(IPO终止)
SH688595,芯海科技
SHA20037,慧翰股份(IPO终止)
SH688378,奥来德
SH688596,正帆科技
SH688308,欧科亿
SH688578,艾力斯-U
SH688135,利扬芯片
SH688013,天臣医疗
SZA20060,佳奇科技(IPO终止)
SZ300964,本川智能
SZ301011,华立科技
SZ300967,晓鸣股份
SZ301036,双乐股份
SZ301029,怡合达
SZ301023,江南奕帆
SH603633,徕木股份
SH603559,中通国脉
SH603708,家家悦
SH603389,亚振家居
SH603843,正平股份
SH603738,泰晶科技
SH603900,莱绅通灵
SZA14365,中迅农科(IPO终止)
SH603189,网达软件
SH603987,康德莱
SHA14303,鸿辉光通(IPO终止)
SHA15278,哈尔滨银行(IPO终止)
SZ002972,科安达
SH688217,睿昂基因
SH688280,精进电动-UW
SH688395,正弦电气
SHA20216,溢信科技(IPO终止)
SH688663,新风光
SZ001210,金房节能
SZ301129,瑞纳智能
SZ301089,拓新药业
SZ301085,亚康股份
SZ301078,孩子王
SZA20370,贝尔生物(IPO终止)
SZ301057,汇隆新材
SZ301149,隆华新材
SZA20378,荣信教育
SZA20379,华夏万卷(IPO终止)
SHA20512,奥普生物(IPO终止)
SHA20513,百川智能(IPO终止)
SZ301063,海锅股份
SZA20511,紫建电子
SHA20514,紫泉能源(IPO终止)
SH688701,卓锦股份
SHA20594,快可电子(IPO终止)
SHA20595,开创环保(IPO终止)
SZA20596,泰恩康
SZA20597,星辉环材
SZ002490,山东墨龙
SH600150,中国船舶
SH600198,*ST大唐
SZ002134,天津普林
SZ002570,贝因美
SHA18010,津同仁堂(IPO终止)
SH603992,松霖科技
SHA18009,百洋医药(IPO终止)
SHA17341,天大新材(IPO终止)
SZA17346,鼎泰智能(IPO终止)
SZ300280,紫天科技
SH603359,东珠生态
SZ002905,金逸影视
SZ300359,全通教育
SZ300686,智动力
SZ300682,朗新科技
SH600710,苏美达
SH600747,退市大控(退市)
SH600093,*ST易见
SH600102,莱钢股份(退市)
SH600110,诺德股份
SH600155,华创阳安
SH600603,广汇物流
SZ000606,ST顺利
SZ000833,粤桂股份
SZ000521,长虹美菱
SH600760,中航沈飞
SZ000404,长虹华意
SZ300504,天邑股份
SZ002323,*ST雅博
SZ002889,东方嘉盛
SH600061,国投资本
SH600228,返利科技
SH603869,新智认知
SZ002680,长生退(退市)
SH688127,蓝特光学
SH688256,寒武纪-U
SHA20019,天益医疗(IPO终止)
SH688689,银河微电
SH688618,三旺通信
SH688628,优利德
SHA20132,光华科技(IPO终止)
SH688131,皓元医药
SH688067,爱威科技
SHA15320,钱Z康复(IPO终止)
SZA14655,普华制药(IPO终止)
SZA14246,智迅创源(IPO终止)
SZ300800,力合科技
SHA16015,波斯科技(IPO终止)
SHA16225,国金黄金(IPO终止)
SHA16175,泰坦股份(IPO终止)
SHA17181,新巨丰(IPO终止)
SZA17215,思源兴业(IPO终止)
SZ300981,中红医疗
SH605088,冠盛股份
SZA17248,若宇检具(IPO终止)
SH605098,行动教育
SHA17114,五新隧装(IPO终止)
SZA17108,煜邦电力(IPO终止)
SHA17116,万朗磁塑(IPO终止)
SZA17345,中国海装(IPO终止)
SZ300851,交大思诺
SZ301015,百洋医药
SZ301018,申菱环境
SZ001288,运机集团
SHA20271,十方生态(IPO终止)
SHA20279,铜冠矿建
SZ001208,华菱线缆
SZ001209,洪兴股份
SH605588,冠石科技
SZ001205,盛航股份
SZA20261,广州银行
SH605598,上海港湾
SH605138,盛泰集团
SZ001213,中铁特货
SZ001212,中旗新材
SHA20274,金鑫矿业(IPO终止)
SH605580,恒盛能源
SZ001219,青岛食品
SHA18073,雅迅网络(IPO终止)
SZ002977,天箭科技
SH603290,斯达半导
SZ300816,艾可蓝
SZA20674,锐捷网络
SZA20677,赛维时代
SZA20675,格林生物(IPO终止)
SZA20678,宏德股份
SZA20676,万凯新材
SZA20572,湘园新材(IPO终止)
SH688768,容知日新
SZA20580,固克节能
SZA20581,优全护理
SZA20582,微科光电(IPO终止)
SZA20608,天源环保
SZA20605,标榜股份
SZA20606,南讯股份(IPO终止)
SZA20607,百诚医药
SZA20662,金禄电子
SZA20663,熵基科技
SH688099,晶晨股份
SH688002,睿创微纳
SH688116,天奈科技
SH688218,江苏北人
SHA19005,利元亨(IPO终止)
SH688005,容百科技
SHA19003,和舰芯片(IPO终止)
SHA19002,安翰科技(IPO终止)
SH688526,科前生物
SZ002987,京北方
SZ002993,奥海科技
SH688321,微芯生物
SH688278,特宝生物
SH688027,国盾量子
SH688088,虹软科技
SHA19019,世纪空间(IPO终止)
SH688189,南新制药
SH688396,华润微
SH688165,埃夫特-U
SH688096,京源环保
SH688339,亿华通-U
SH688177,百奥泰-U
SH688277,天智航-U
SH688200,华峰测控
SH688221,前沿生物-U
SZ300999,金龙鱼
SH605286,同力日升
SZ003036,泰坦股份
SH688567,孚能科技
SH688520,神州细胞-U
SH688658,悦康药业
SH688696,极米科技
SH688739,成大生物
SHA20104,中加特(IPO终止)
SZA20653,军信环保
SH603848,好太太
SH603183,建研院
SH600929,雪天盐业
SZA15351,尚格会展(IPO终止)
SZ002982,湘佳股份
SHA14621,新丽传媒(IPO终止)
SZA14552,玛丝菲尔(IPO终止)
SHA15176,宝地矿业(IPO终止)
SHA15163,徽商银行(IPO终止)
SHA17093,禾昌聚合(IPO终止)
SHA17073,天益医疗(IPO终止)
SZ300935,盈建科
SZA17059,国盛智科(IPO终止)
SZA17070,五方教育(IPO终止)
SZ300848,美瑞新材
SHA17056,福膜科技(IPO终止)
SZ003021,兆威机电
SZ300885,海昌新材
SZ002997,瑞鹄模具
SH603893,瑞芯微
SH688138,清溢光电
SZ300829,金丹科技
SZ300817,双飞股份
SZ300901,中胤时尚
SZA19231,仁信新材
SZ003013,地铁设计
SZ003022,联泓新科
SH605116,奥锐特
SH605009,豪悦护理
SZ300875,捷强装备
SH605318,法狮龙
SZA19197,展翠股份(IPO终止)
SZA19203,君逸数码(IPO终止)
SZ300889,爱克股份
SH605169,洪通燃气
SH605398,新炬网络
SZ300880,迦南智能
SH605158,华达新材
SHA19206,凯金能源
SH688081,兴图新科
SZA19310,佛朗斯(IPO终止)
SHA19309,宏晟光电(IPO终止)
SH688579,山大地纬
SH688622,禾信仪器
SH688518,联赢激光
SH688360,德马科技
SH688516,奥特维
SH688500,慧辰股份
SZ300987,川网传媒
SZ300877,金春股份
SHA20245,品高软件
SHA20246,博科资讯(IPO终止)
SH688355,明志科技
SH688685,迈信林
SHA20250,赛克赛斯(IPO终止)
SH688182,灿勤科技
SH688509,正元地信
SH688786,悦安新材
SHA20253,固安信通(IPO终止)
SZ300959,线上线下
SHA20255,紫光照明
SZA20615,天益医疗
SZ301007,德迈仕
SZ300931,通用电梯
SH601279,英利汽车
SZA19283,红蚂蚁(IPO终止)
SH605186,健麾信息
SH688109,品茗股份
SZ003030,祖名股份
SH605319,无锡振华
SH605162,新中港
SH605208,永茂泰
SZ300774,倍杰特
SH601156,东航物流
SH601825,沪农商行
SHA19389,万联证券
SZA19392,光大激光(IPO终止)
SZA19391,电旗股份
SH688222,成都先导
SZA19399,中联数据(IPO终止)
SHA19417,宜搜科技(IPO终止)
SH688180,君实生物-U
SHA19422,科隆新能(IPO终止)
SHA19429,信大捷安(IPO终止)
SZ300911,亿田智能
SZ300940,南极光
SH688007,光峰科技
SH688186,广大特材
SH688363,华熙生物
SH688258,卓易信息
SH688020,方邦股份
SHA19087,国科环宇(IPO终止)
SH688268,华特气体
SH688066,航天宏图
SH601606,长城军工
SZ300749,顶固集创
SZ300760,迈瑞医疗
SZ300724,捷佳伟创
SH601577,长沙银行
SH603590,康辰药业
SZ002936,郑州银行
SH603583,捷昌驱动
SZ002939,长城证券
SH603297,永新光学
SH603790,雅运股份
SZ300748,金力永磁
SH603192,汇得科技
SZ002937,兴瑞科技
SZ002940,昂利康
SZ300694,蠡湖股份
SH603810,丰山集团
SH603657,春光科技
SZ002938,鹏鼎控股
SZ002933,新兴装备
SH688156,路德环境
SZA17269,安联锐视(IPO终止)
SZ000155,川能动力
SZA18070,鲁华泓锦(IPO终止)
SZ300815,玉禾田
SH601778,晶科科技
SZ002976,瑞玛工业
SZ002983,芯瑞达
SZA18120,粤海饲料
SZA18121,大运汽车(IPO终止)
SHA18122,全美在线
SH601702,华峰铝业
SHA18124,兆物网络(IPO终止)
SH601827,三峰环境
SZA18126,开元物业(IPO终止)
SZA18127,弘成立业
SZ300841,康华生物
SZ300836,佰奥智能
SZA18130,灿星文化(IPO终止)
SHA18131,祥云股份
SH605288,凯迪股份
SH605333,沪光股份
SZ300842,帝科股份
SZ300838,浙江力诺
SH688519,南亚新材
SH688123,聚辰股份
SH688139,海尔生物
SH688003,天准科技
SH688368,晶丰明源
SHA19074,视联动力(IPO终止)
SH688166,博瑞医药
SH688169,石头科技
SH688030,山石网科
SHA19077,海天瑞声(IPO终止)
SH688559,海目星
SZ301024,霍普股份
SH605089,味知香
SZ300961,深水海纳
SZA19500,日发纺机(IPO终止)
SZ002504,ST弘高
SZ000595,宝塔实业
SH600847,万里股份
SH600896,*ST海医
SZ000893,亚钾国际
SH600247,*ST成城(退市)
SH600815,厦工股份
SZ002798,帝欧家居
SH600074,退市保千(退市)
SH603717,天域生态
SH603596,伯特利
SH603712,七一二
SHA14480,申龙电梯(IPO终止)
SH603317,天味食品
SZA17060,闽华电源(IPO终止)
SZA16332,时代凌宇(IPO终止)
SZA17180,达特照明(IPO终止)
SZA17222,康泰股份(IPO终止)
SH688103,国力股份
SZA17226,流金岁月(IPO终止)
SH603220,中贝通信
SZ300897,山科智能
SH688661,和林微纳
SH688636,智明达
SH688075,安旭生物
SZ300991,创益通
SZ301060,兰卫医学
SZ300814,中富电路
SZA20350,天力锂能
SZA20352,海默尼(IPO终止)
SZA20355,东方节能(IPO终止)
SZ301108,洁雅股份
SZ300988,津荣天宇
SZA20356,新特电气
SZA20423,至信药业(IPO终止)
SZA20424,跃通数控(IPO终止)
SZA20422,回音必(IPO终止)
SZA20420,星源卓镁
SZA20426,国科恒泰
SZA20536,傲伦达(IPO终止)
SZA20537,鹰之航(IPO终止)
SZA20538,欧圣电气
SZA20539,兆讯传媒
SZA20540,北农大
SZA20541,远大住工(IPO终止)
SZA20542,腾远钴业
SZA20543,乐的美(IPO终止)
SZA20544,飞沃科技
SZA20545,穗晶光电
SZA20546,真美股份(IPO终止)
SHA20549,中科晶上(IPO终止)
SHA20550,蓝科环保(IPO终止)
SH688296,和达科技
SZA20552,卡尔股份(IPO终止)
SZA20553,奕东电子
SZ301080,百普赛斯
SZA20563,诚达药业
SZA20564,东风集团(IPO终止)
SZA20565,德明利(IPO终止)
SZA20567,普蕊斯
SZA20566,亨迪药业
SZ301086,鸿富瀚
SZA20574,视科新材(IPO终止)
SHA20578,影石创新
SZA20579,蜂助手
SZA20593,德石股份
SZA20598,富士莱
SZA20599,雅艺科技
SHA20601,朝微电子(IPO终止)
SZ300710,万隆光电
SZ002899,英派斯
SZ300825,阿尔特
SH603195,公牛集团
SH605090,九丰能源
SH603949,雪龙集团
SHA16299,长威科技
SH600956,新天绿能
SZ002980,华盛昌
SH688560,明冠新材
SZ002978,安宁股份
SH603323,苏农银行
SH600767,运盛医疗
SH600289,ST信通
SH600397,安源煤业
SH600403,ST大有
SH600778,友好集团
SH600860,京城股份
SH600870,*ST厦华
SH600877,电能股份
SH600121,郑州煤电
SH600539,狮头股份
SH600202,哈空调
SH600209,*ST罗顿
SZ000585,*ST东电
SZ000655,金岭矿业
SZ000659,珠海中富
SZ000720,新能泰山
SZ002194,武汉凡谷
SZ000816,智慧农业
SZ002248,华东数控
SZ000422,湖北宜化
SHA08047,华信股份(IPO终止)
SH688016,心脉医疗
SZ003035,南网能源
SH688389,普门科技
SHA17365,嘉禾生物(IPO终止)
SZ300823,建科机械
SH688300,联瑞新材
SZA17378,三顺纳米(IPO终止)
SZA17397,合力亿捷(IPO终止)
SZA17352,建通测绘(IPO终止)
SZA17357,飞轮科技(IPO终止)
SZ300970,华绿生物
SZ003004,声迅股份
SZA17336,菊乐股份(IPO终止)
SH601319,中国人保
SHA17281,晨光精工(IPO终止)
SH688669,聚石化学
SH688508,芯朋微
SZ300890,翔丰华
SHA17311,华冠新材(IPO终止)
SZA17317,赢康股份(IPO终止)
SZ300896,爱美客
SZ300915,海融科技
SH688310,迈得医疗
SH688418,震有科技
SZA17255,祥明智能
SHA17224,吉林出版(IPO终止)
SHA17165,普旅股份(IPO终止)
SH688025,杰普特
SZ300937,药易购
SH688766,普冉股份
SHA20504,东芯股份
SHA20621,亚洲硅业
SH688211,中科微至
SZA20623,凯格精机
SZA20638,瑞德智能
SZA20639,杰创智能
SZA20640,汉维科技
SZA20641,华兰疫苗
SHA20135,智神信息(IPO终止)
SH688063,派能科技
SH688183,生益电子
SHA20138,盛诺基
SH688305,科德数控
SHA20140,森根科技
SHA20141,兴嘉生物(IPO终止)
SH601399,国机重装
SH688082,盛美上海
SHA20143,柯菲平(IPO终止)
SHA20144,纬德信息
SHA20145,锦波生物(IPO终止)
SH688633,星球石墨
SH688981,中芯国际
SH688626,翔宇医疗
SHA20149,翼捷股份(IPO终止)
SZA20227,凤翔股份(IPO终止)
SZ001203,大中矿业
SHA20229,派特罗尔(IPO终止)
SZA20230,老铺黄金(IPO终止)
SZA20231,欧晶科技
SH603511,爱慕股份
SH605259,绿田机械
SHA20234,鼎维固(IPO终止)
SH688113,联测科技
SH688681,科汇股份
SHA20237,德冠新材
SHA20239,锐芯微(IPO终止)
SHA20235,康代智能(IPO终止)
SZA20470,久美股份(IPO终止)
SZ002923,润都股份
SZ002902,铭普光磁
SZ002911,佛燃能源
SH600120,浙江东方
SH600152,维科技术
SH600806,退市昆机(退市)
SH601558,退市锐电(退市)
SHA16180,紫林醋业(IPO终止)
SH603214,爱婴室
SZA16150,方邦电子(IPO终止)
SZA16160,多益网络(IPO终止)
SZA16236,和力辰光(IPO终止)
SHA16124,九毛九(IPO终止)
SZ002600,领益智造
SH601798,蓝科高新
SZA15293,文华财经(IPO终止)
SZ300996,普联软件
SZ300787,海能实业
SZ003020,立方制药
SZA15185,硕人时代(IPO终止)
SH603058,永吉股份
SZ300868,杰美特
SH688216,气派科技
SH603823,百合花
SH603928,兴业股份
SH603878,武进不锈
SH603663,三祥新材
SH603859,能科科技
SH603033,三维股份
SH603887,城地香江
SH603986,兆易创新
SH603090,宏盛股份
SH603319,湘油泵
SH603819,神力股份
SH603007,ST花王
SH603313,梦百合
SH603416,信捷电气
SH603716,塞力医疗
SH603203,快克股份
SH688037,芯源微
SHA20276,大叶工业
SH688009,中国通号
SH688080,映翰通
SH688178,万德斯
SH688199,久日新材
SH688366,昊海生科
SH688196,卓越新能
SZ003006,百亚股份
SZ300818,耐普矿机
SHA19088,诺康达(IPO终止)
SH688033,天宜上佳
SH688028,沃尔德
SZ002991,甘源食品
SH605188,国光连锁
SHA19098,维冠机电(IPO终止)
SH605001,威奥股份
SH605100,华丰股份
SZ002988,豪美新材
SZA19096,众智软件
SZ300847,中船汉光
SZ002995,天地在线
SH688357,建龙微纳
SH688358,祥生医疗
SH688126,沪硅产业-U
SH688505,复旦张江
SZ003003,天元股份
SH605388,均瑶健康
SH605066,天正电气
SH605222,起帆电缆
SZ300978,东箭科技
SH605180,华生科技
SZ003001,中岩大地
SHA19189,日兴生物(IPO终止)
SZ300857,协创数据
SH603408,建霖家居
SHA17007,南岳电控(IPO终止)
SHA16216,英派瑞(IPO终止)
SH688799,华纳药厂
SZA16118,银河电力(IPO终止)
SHA16266,恐龙园(IPO终止)
SH688202,美迪西
SZA17261,浙锚科技(IPO终止)
SZA17262,天堰科技(IPO终止)
SZA17265,未来电器
SZA17229,驱动人生(IPO终止)
SZA17166,梅思泰克(IPO终止)
SZA17173,奥迪威(IPO终止)
SZ300894,火星人
SZA17153,浩淼科技(IPO终止)
SZA17105,明珠电气(IPO终止)
SH688077,大地熊
SZA17129,企朋股份(IPO终止)
SZA17143,万达杰(IPO终止)
SZA17145,华视娱乐(IPO终止)
SH605305,中际联合
SH688098,申联生物
SH688513,苑东生物
SH688086,紫晶存储
SHA19061,恒安嘉新(IPO终止)
SH688018,乐鑫科技
SH688078,龙软科技
SH688122,西部超导
SH688057,金达莱
SH688198,佰仁医疗
SH688388,嘉元科技
SH688233,神工股份
SH688369,致远互联
SH688656,浩欧博
SH688299,长阳科技
SH688101,三达膜
SHA19317,科迈股份(IPO终止)
SZ300943,春晖智控
SZA19319,海诺尔(IPO终止)
SZ301042,安联锐视
SZA19321,族兴新材(IPO终止)
SZ300917,特发服务
SH605376,博迁新材
SHA19335,佳农股份(IPO终止)
SZA19341,顺德农商行
SH605196,华通线缆
SHA19371,中超股份(IPO终止)
SZ300906,日月明
SH605018,长华股份
SZA19331,艾能聚(IPO终止)
SH603759,海天股份
SH688195,腾景科技
SH688698,伟创电气
SH688367,工大高科
SH605599,菜百股份
SHA20587,晨泰科技(IPO终止)
SHA20588,齐治科技(IPO终止)
SZA20589,中证信用(IPO终止)
SZA20590,青木股份
SH688772,珠海冠宇
SZA20603,中一科技
SZA20604,保丽洁
SZ301155,海力风电
SH601665,齐鲁银行
SZ300870,欧陆通
SZA19214,晶台股份(IPO终止)
SH605377,华旺科技
SZ300873,海晨股份
SH605003,众望布艺
SZ003019,宸展光电
SZA19232,协昌科技
SH605500,森林包装
SH600955,维远股份
SHA20265,上海汽配(IPO终止)
SHA20258,中国茶叶
SH603836,海程邦达
SZA20273,重庆三峡银行
SH605555,德昌股份
SZ001211,双枪科技
SHA20282,永道射频(IPO终止)
SHA20260,涧光股份(IPO终止)
SZ001217,华尔泰
SHA20286,紫林醋业
SZ301022,海泰科
SZA20293,森合高科(IPO终止)
SZA20298,钵施然(IPO终止)
SZ300983,尤安设计
SZ301016,雷尔伟
SZA20291,星邦智能(IPO终止)
SZA20292,正业设计
SZ300984,金沃股份
SZ301052,果麦文化
SZA20294,一通密封
SZ300995,奇德新材
SZA20295,养天和(IPO终止)
SH688778,厦钨新能
SZ300912,凯龙高科
SZ003010,若羽臣
SZ002968,新大正
SH603390,通达电气
SH603719,良品铺子
SH605339,南侨食品
SZ002969,嘉美包装
SZ300869,康泰医学
SZ300802,矩子科技
SZ003043,华亚智能
SH603529,爱玛科技
SZ300918,南山智尚
SZA19192,华科泰(IPO终止)
SH605228,神通科技
SH688266,泽Z制药-U
SHA19235,光通天下(IPO终止)
SHA19252,上海拓璞(IPO终止)
SHA19301,新数网络(IPO终止)
SH688566,吉贝尔
SH688085,三友医疗
SZ300830,金现代
SZ300826,测绘股份
SZA18087,华航唯实
SH605128,上海沿浦
SZ300892,品渥食品
SZ300821,东岳硅材
SZ300812,易天股份
SZ300898,熊猫乳品
SH605289,罗曼股份
SH601696,中银证券
SZ002975,博杰股份
SH605111,新洁能
SZA18107,诺禾致源(IPO终止)
SH605198,德利股份
SH603439,贵州三力
SZ300840,酷特智能
SH603221,爱丽家居
SH605358,立昂微
SZ002985,北摩高科
SHA18114,昆山农商银行
SZ300833,浩洋股份
SZ300831,派瑞股份
SH601598,中国外运
SH688228,开普云
SZA20516,实朴检测
SZA20517,思维造物
SZ300965,恒宇信通
SH605589,圣泉集团
SH600032,浙江新能
SZA19504,掌众科技(IPO终止)
SZA19495,天影股份
SZA19497,益客食品
SZ301081,严牌股份
SZA19503,惠州迪芬尼(IPO终止)
SZ300888,稳健医疗
SH688609,九联科技
SHA20154,国网智能
SH688667,菱电电控
SH688315,诺禾致源
SH688023,安恒信息
SH688586,江航装备
SHA19448,传神语联
SH605287,德才股份
SH605086,龙高股份
SZA19451,美能能源
SH688575,亚辉龙
SH688617,惠泰医疗
SH688608,恒玄科技
SH688510,航亚科技
SH688779,长远锂科
SZ301188,C力诺
SZ301038,深水规院
SZ301126,达嘉维康
SZA20401,家联科技
SH688232,N新点
SH688655,迅捷兴
SZA20609,招标股份
SZA20610,雅迪传媒(IPO终止)
SHA20469,瑞能半导(IPO终止)
SH688690,纳微科技
SH688517,金冠电气
SH688148,芳源股份
SZA20358,三维天地
SZ301185,鸥玛软件
SZA20363,亚洲渔港
SZ301049,超越科技
SZ300971,博亚精工
SZ301118,恒光股份
SZA20361,乾德电子(IPO终止)
SZ301031,中熔电气
SZA20362,集美新材(IPO终止)
SZ301072,中捷精工
SHA20369,大通新材
SZA20635,中成发展(IPO终止)
SHA20644,华大智造
SH688188,柏楚电子
SH688319,欧林生物
SH688323,瑞华泰
SHA20225,汇川物联(IPO终止)
SH688239,航宇科技
SH688059,华锐精密
SH688117,圣诺生物
SHA20224,华卓精科
SH688793,倍轻松
SHA20226,百合医疗
SHA20583,云知声(IPO终止)
SHA20584,森泰英格(IPO终止)
SHA17198,中视电传(IPO终止)
SZ300824,北鼎股份
SZA17363,宏杉科技(IPO终止)
SZA17354,双赢伟业(IPO终止)
SZA17313,盛利维尔(IPO终止)
SHA17302,巴兰仕(IPO终止)
SZA17335,金瑞期货(IPO终止)
SZA17331,阿莱德
SH605299,舒华体育
SZA18017,奕瑞光(IPO终止)
SZ300790,宇瞳光学
SH688819,天能股份
SZA20158,郎酒股份
SHA20157,明泰股份
SH605020,永和股份
SH688468,科美诊断
SH688625,呈和科技
SZ003042,中农联合
SHA20172,珊溪水利
SH605566,福莱蒽特
SHA20174,梦天家居
SH688425,铁建重工
SH688683,莱尔科技
SH688118,普元信息
SH688069,德林海
SH688090,瑞松科技
SH688528,秦川物联
SHA20186,邦彦技术
SH688613,奥精医疗
SH688269,凯立新材
SHA20189,上海合晶(IPO终止)
SH688611,杭州柯林
SH688660,电气风电
SHA20192,晶云药物(IPO终止)
SH688456,有研粉材
SZA20304,倍特药业
SZ301001,凯淳股份
SZA20324,国人科技(IPO终止)
SZA20332,华剑智能(IPO终止)
SZ301009,可靠股份
SZ301069,凯盛新材
SZA20322,老鹰股份
SZ301033,迈普医学
SZ300992,泰福泵业
SZ301169,零点有数
SZ300854,中兰环保
SZ002896,中大力德
SZ300810,中科海讯
SH603948,建业股份
SZ300858,科拓生物
SH601975,招商南油
SZ300928,华安鑫创
SZA18099,聚合数据(IPO终止)
SZ300861,美畅股份
SHA18116,航天精工(IPO终止)
SH605168,三人行
SHA19127,百金股份(IPO终止)
SHA19132,运高股份(IPO终止)
SH605389,长龄液压
SH605366,宏柏新材
SH605050,福然德
SH605166,聚合顺
SZA19133,天使之泪(IPO终止)
SZ003009,中天火箭
SZ300850,新强联
SH688229,博睿数据
SH688055,龙腾光电
SHA20021,中法水务(IPO终止)
SZ301030,仕净科技
SZ300972,万辰生物
SZ301005,超捷股份
SZA20383,捷通铁路(IPO终止)
SZA20385,扬瑞新材
SZ301053,远信工业
SHA20465,昆腾微(IPO终止)
SH688091,上海谊众-U
SH688597,煜邦电力
SHA20636,云从科技
SHA20637,中科英泰(IPO终止)
SZ003018,金富科技
SH601816,京沪高铁
SZ301002,崧盛股份
SZA20658,潜阳科技
SZA20657,联盛化学
SZA20668,海诺尔
SHA20665,迈威生物
SHA20479,吉利汽车(IPO终止)
SH688488,艾迪药业
SZA20412,宾酷网络
SZA20413,艾布鲁
SZ301071,力量钻石
SZA20410,宁新新材
SZ301058,中粮工科
SZA20411,涛涛车业
SZA20416,恐龙园(IPO终止)
SH688038,中科通达
SZA20600,华新环保
SHA20616,中钢矿院(IPO终止)
SHA20626,创耀科技
SHA20627,乐普诊断(IPO终止)
SHA20645,云天励飞
SZA20646,泓淋电力
SZA20647,盛帮股份
SZA20648,家鸿口腔
SHA20649,南方路机
SHA20650,木业股份
SZ001317,三羊马
SZA20651,泰慕士
SZA20660,宇邦新材
SHA17191,中和药业(IPO终止)
SZ300849,锦盛新材
SZ300899,上海凯鑫
SHA17207,平原智能(IPO终止)
SZA17204,阳光中科(IPO终止)
SZA17247,三江电子(IPO终止)
SZA17126,力同科技
SZA17146,乐寿集团(IPO终止)
SZA17120,美之高(IPO终止)
SH603330,上海天洋
SH603378,亚士创能
SH601019,山东出版
SH603289,泰瑞机器
SH603110,东方材料
SH603055,台华新材
SH603535,嘉诚国际
SH603963,大理药业
SZ002400,省广集团
SH603303,得邦照明
SH603839,安正时尚
SH603360,百傲化学
SH603665,康隆达
SH603040,新坐标
SH603038,华立股份
SH603208,江山欧派
SH603908,牧高笛
SH603032,*ST德新
SH603079,圣达生物
SH603711,香飘飘
SH603970,中农立华
SH603619,中曼石油
SH603357,设计总院
SH603985,恒润股份
SH603880,南卫股份
SH603196,日播时尚
SH603767,中马传动
SH603978,深圳新星
SH603063,禾望电气
SH603938,三孚股份
SH603725,天安新材
SH601108,财通证券
SH603638,艾迪精密
SH603637,镇海股份
